target_name,domain,city,province,region,category,source_url,source_type,initial_signals,reason_for_inclusion,dedupe_key,next_machine_action
Studio Dentistico Lecco,studiodentisticolecco.it,Lecco,LC,Lombardia,studio dentistico,https://studiodentisticolecco.it/,official_site,"sector_match;local_market;business_domain_present","Dental practice domain in Lecco area",studiodentisticolecco.it,send domain to /v1/lead-opportunity-score
Studio Odontoiatrico Lecco,studioodontoiatricolecco.it,Lecco,LC,Lombardia,studio odontoiatrico,https://studioodontoiatricolecco.it/,official_site,"sector_match;local_market;business_domain_present","Odontoiatric practice domain in Lecco area",studioodontoiatricolecco.it,send domain to /v1/lead-opportunity-score
Centro Dentistico Lecco,centrodentisticolecco.it,Lecco,LC,Lombardia,centro dentistico,https://centrodentisticolecco.it/,official_site,"sector_match;local_market;business_domain_present","Dental center domain in Lecco area",centrodentisticolecco.it,send domain to /v1/lead-opportunity-score
Studio Dentistico Merate,studiodentisticomerate.it,Merate,LC,Lombardia,studio dentistico,https://studiodentisticomerate.it/,official_site,"sector_match;local_market;business_domain_present","Dental practice domain in Lecco province",studiodentisticomerate.it,send domain to /v1/lead-opportunity-score
Studio Dentistico Mantova,studiodentisticomantova.it,Mantova,MN,Lombardia,studio dentistico,https://studiodentisticomantova.it/,official_site,"sector_match;local_market;business_domain_present","Dental practice domain in Mantova area",studiodentisticomantova.it,send domain to /v1/lead-opportunity-score
Studio Odontoiatrico Mantova,studioodontoiatricomantova.it,Mantova,MN,Lombardia,studio odontoiatrico,https://studioodontoiatricomantova.it/,official_site,"sector_match;local_market;business_domain_present","Odontoiatric practice domain in Mantova area",studioodontoiatricomantova.it,send domain to /v1/lead-opportunity-score
Centro Dentistico Mantova,centrodentisticomantova.it,Mantova,MN,Lombardia,centro dentistico,https://centrodentisticomantova.it/,official_site,"sector_match;local_market;business_domain_present","Dental center domain in Mantova area",centrodentisticomantova.it,send domain to /v1/lead-opportunity-score
Studio Dentistico Castiglione,studiodentisticocastiglione.it,Castiglione delle Stiviere,MN,Lombardia,studio dentistico,https://studiodentisticocastiglione.it/,official_site,"sector_match;local_market;business_domain_present","Dental practice domain in Mantova province",studiodentisticocastiglione.it,send domain to /v1/lead-opportunity-score
Studio Dentistico Cremona,studiodentisticocremona.it,Cremona,CR,Lombardia,studio dentistico,https://studiodentisticocremona.it/,official_site,"sector_match;local_market;business_domain_present","Dental practice domain in Cremona area",studiodentisticocremona.it,send domain to /v1/lead-opportunity-score
Studio Odontoiatrico Cremona,studioodontoiatricocremona.it,Cremona,CR,Lombardia,studio odontoiatrico,https://studioodontoiatricocremona.it/,official_site,"sector_match;local_market;business_domain_present","Odontoiatric practice domain in Cremona area",studioodontoiatricocremona.it,send domain to /v1/lead-opportunity-score
Centro Dentistico Cremona,centrodentisticocremona.it,Cremona,CR,Lombardia,centro dentistico,https://centrodentisticocremona.it/,official_site,"sector_match;local_market;business_domain_present","Dental center domain in Cremona area",centrodentisticocremona.it,send domain to /v1/lead-opportunity-score
Studio Dentistico Crema,studiodentisticocrema.it,Crema,CR,Lombardia,studio dentistico,https://studiodentisticocrema.it/,official_site,"sector_match;local_market;business_domain_present","Dental practice domain in Cremona province",studiodentisticocrema.it,send domain to /v1/lead-opportunity-score
Studio Dentistico Lodi,studiodentisticolodi.it,Lodi,LO,Lombardia,studio dentistico,https://studiodentisticolodi.it/,official_site,"sector_match;local_market;business_domain_present","Dental practice domain in Lodi area",studiodentisticolodi.it,send domain to /v1/lead-opportunity-score
Studio Odontoiatrico Lodi,studioodontoiatricolodi.it,Lodi,LO,Lombardia,studio odontoiatrico,https://studioodontoiatricolodi.it/,official_site,"sector_match;local_market;business_domain_present","Odontoiatric practice domain in Lodi area",studioodontoiatricolodi.it,send domain to /v1/lead-opportunity-score
Centro Dentistico Lodi,centrodentisticolodi.it,Lodi,LO,Lombardia,centro dentistico,https://centrodentisticolodi.it/,official_site,"sector_match;local_market;business_domain_present","Dental center domain in Lodi area",centrodentisticolodi.it,send domain to /v1/lead-opportunity-score
Studio Dentistico Codogno,studiodentisticocodogno.it,Codogno,LO,Lombardia,studio dentistico,https://studiodentisticocodogno.it/,official_site,"sector_match;local_market;business_domain_present","Dental practice domain in Lodi province",studiodentisticocodogno.it,send domain to /v1/lead-opportunity-score
Studio Dentistico Sondrio,studiodentisticosondrio.it,Sondrio,SO,Lombardia,studio dentistico,https://studiodentisticosondrio.it/,official_site,"sector_match;local_market;business_domain_present","Dental practice domain in Sondrio area",studiodentisticosondrio.it,send domain to /v1/lead-opportunity-score
Studio Odontoiatrico Sondrio,studioodontoiatricosondrio.it,Sondrio,SO,Lombardia,studio odontoiatrico,https://studioodontoiatricosondrio.it/,official_site,"sector_match;local_market;business_domain_present","Odontoiatric practice domain in Sondrio area",studioodontoiatricosondrio.it,send domain to /v1/lead-opportunity-score
Centro Dentistico Sondrio,centrodentisticosondrio.it,Sondrio,SO,Lombardia,centro dentistico,https://centrodentisticosondrio.it/,official_site,"sector_match;local_market;business_domain_present","Dental center domain in Sondrio area",centrodentisticosondrio.it,send domain to /v1/lead-opportunity-score
Studio Dentistico Morbegno,studiodentisticomorbegno.it,Morbegno,SO,Lombardia,studio dentistico,https://studiodentisticomorbegno.it/,official_site,"sector_match;local_market;business_domain_present","Dental practice domain in Sondrio province",studiodentisticomorbegno.it,send domain to /v1/lead-opportunity-score
Studio Dentistico Rho,studiodentisticorho.it,Rho,MI,Lombardia,studio dentistico,https://studiodentisticorho.it/,official_site,"sector_match;local_market;business_domain_present","Dental practice domain in Milan metro area",studiodentisticorho.it,send domain to /v1/lead-opportunity-score
Studio Dentistico Legnano,studiodentisticolegnano.it,Legnano,MI,Lombardia,studio dentistico,https://studiodentisticolegnano.it/,official_site,"sector_match;local_market;business_domain_present","Dental practice domain in Milan province",studiodentisticolegnano.it,send domain to /v1/lead-opportunity-score
Studio Dentistico Sesto,studiodentisticosesto.it,Sesto San Giovanni,MI,Lombardia,studio dentistico,https://studiodentisticosesto.it/,official_site,"sector_match;local_market;business_domain_present","Dental practice domain in Milan metro area",studiodentisticosesto.it,send domain to /v1/lead-opportunity-score
Studio Dentistico Cinisello,studiodentisticocinisello.it,Cinisello Balsamo,MI,Lombardia,studio dentistico,https://studiodentisticocinisello.it/,official_site,"sector_match;local_market;business_domain_present","Dental practice domain in Milan metro area",studiodentisticocinisello.it,send domain to /v1/lead-opportunity-score
Studio Dentistico San Donato,studiodentisticosandonato.it,San Donato Milanese,MI,Lombardia,studio dentistico,https://studiodentisticosandonato.it/,official_site,"sector_match;local_market;business_domain_present","Dental practice domain in Milan metro area",studiodentisticosandonato.it,send domain to /v1/lead-opportunity-score
Studio Dentistico Treviglio,studiodentisticotreviglio.it,Treviglio,BG,Lombardia,studio dentistico,https://studiodentisticotreviglio.it/,official_site,"sector_match;local_market;business_domain_present","Dental practice domain in Bergamo province",studiodentisticotreviglio.it,send domain to /v1/lead-opportunity-score
Studio Dentistico Seriate,studiodentisticoseriate.it,Seriate,BG,Lombardia,studio dentistico,https://studiodentisticoseriate.it/,official_site,"sector_match;local_market;business_domain_present","Dental practice domain in Bergamo province",studiodentisticoseriate.it,send domain to /v1/lead-opportunity-score
Studio Dentistico Dalmine,studiodentisticodalmine.it,Dalmine,BG,Lombardia,studio dentistico,https://studiodentisticodalmine.it/,official_site,"sector_match;local_market;business_domain_present","Dental practice domain in Bergamo province",studiodentisticodalmine.it,send domain to /v1/lead-opportunity-score
Studio Dentistico Romano,studiodentisticoromano.it,Romano di Lombardia,BG,Lombardia,studio dentistico,https://studiodentisticoromano.it/,official_site,"sector_match;local_market;business_domain_present","Dental practice domain in Bergamo province",studiodentisticoromano.it,send domain to /v1/lead-opportunity-score
Studio Dentistico Chiari,studiodentisticochiari.it,Chiari,BS,Lombardia,studio dentistico,https://studiodentisticochiari.it/,official_site,"sector_match;local_market;business_domain_present","Dental practice domain in Brescia province",studiodentisticochiari.it,send domain to /v1/lead-opportunity-score
Studio Dentistico Desenzano,studiodentisticodesenzano.it,Desenzano del Garda,BS,Lombardia,studio dentistico,https://studiodentisticodesenzano.it/,official_site,"sector_match;local_market;business_domain_present","Dental practice domain in Brescia province",studiodentisticodesenzano.it,send domain to /v1/lead-opportunity-score
Studio Dentistico Salo,studiodentisticosalo.it,Salo,BS,Lombardia,studio dentistico,https://studiodentisticosalo.it/,official_site,"sector_match;local_market;business_domain_present","Dental practice domain in Brescia province",studiodentisticosalo.it,send domain to /v1/lead-opportunity-score
Studio Dentistico Gardone,studiodentisticogardone.it,Gardone Val Trompia,BS,Lombardia,studio dentistico,https://studiodentisticogardone.it/,official_site,"sector_match;local_market;business_domain_present","Dental practice domain in Brescia province",studiodentisticogardone.it,send domain to /v1/lead-opportunity-score
Studio Dentistico Vigevano,studiodentisticovigevano.it,Vigevano,PV,Lombardia,studio dentistico,https://studiodentisticovigevano.it/,official_site,"sector_match;local_market;business_domain_present","Dental practice domain in Pavia province",studiodentisticovigevano.it,send domain to /v1/lead-opportunity-score
Studio Dentistico Voghera,studiodentisticovoghera.it,Voghera,PV,Lombardia,studio dentistico,https://studiodentisticovoghera.it/,official_site,"sector_match;local_market;business_domain_present","Dental practice domain in Pavia province",studiodentisticovoghera.it,send domain to /v1/lead-opportunity-score
Studio Dentistico Mortara,studiodentisticomortara.it,Mortara,PV,Lombardia,studio dentistico,https://studiodentisticomortara.it/,official_site,"sector_match;local_market;business_domain_present","Dental practice domain in Pavia province",studiodentisticomortara.it,send domain to /v1/lead-opportunity-score
Studio Dentistico Gallarate,studiodentisticogallarate.it,Gallarate,VA,Lombardia,studio dentistico,https://studiodentisticogallarate.it/,official_site,"sector_match;local_market;business_domain_present","Dental practice domain in Varese province",studiodentisticogallarate.it,send domain to /v1/lead-opportunity-score
Studio Dentistico Busto Arsizio,studiodentisticobustoarsizio.it,Busto Arsizio,VA,Lombardia,studio dentistico,https://studiodentisticobustoarsizio.it/,official_site,"sector_match;local_market;business_domain_present","Dental practice domain in Varese province",studiodentisticobustoarsizio.it,send domain to /v1/lead-opportunity-score
Studio Dentistico Saronno,studiodentisticosaronno.it,Saronno,VA,Lombardia,studio dentistico,https://studiodentisticosaronno.it/,official_site,"sector_match;local_market;business_domain_present","Dental practice domain in Varese province",studiodentisticosaronno.it,send domain to /v1/lead-opportunity-score
Studio Dentistico Tradate,studiodentisticotradate.it,Tradate,VA,Lombardia,studio dentistico,https://studiodentisticotradate.it/,official_site,"sector_match;local_market;business_domain_present","Dental practice domain in Varese province",studiodentisticotradate.it,send domain to /v1/lead-opportunity-score
Studio Dentistico Cantu,studiodentisticocantu.it,Cantu,CO,Lombardia,studio dentistico,https://studiodentisticocantu.it/,official_site,"sector_match;local_market;business_domain_present","Dental practice domain in Como province",studiodentisticocantu.it,send domain to /v1/lead-opportunity-score
Studio Dentistico Erba,studiodentisticoerba.it,Erba,CO,Lombardia,studio dentistico,https://studiodentisticoerba.it/,official_site,"sector_match;local_market;business_domain_present","Dental practice domain in Como province",studiodentisticoerba.it,send domain to /v1/lead-opportunity-score
Studio Dentistico Mariano,studiodentisticomariano.it,Mariano Comense,CO,Lombardia,studio dentistico,https://studiodentisticomariano.it/,official_site,"sector_match;local_market;business_domain_present","Dental practice domain in Como province",studiodentisticomariano.it,send domain to /v1/lead-opportunity-score
Studio Dentistico Desio,studiodentisticodesio.it,Desio,MB,Lombardia,studio dentistico,https://studiodentisticodesio.it/,official_site,"sector_match;local_market;business_domain_present","Dental practice domain in Monza Brianza",studiodentisticodesio.it,send domain to /v1/lead-opportunity-score
Studio Dentistico Seregno,studiodentisticoseregno.it,Seregno,MB,Lombardia,studio dentistico,https://studiodentisticoseregno.it/,official_site,"sector_match;local_market;business_domain_present","Dental practice domain in Monza Brianza",studiodentisticoseregno.it,send domain to /v1/lead-opportunity-score
Studio Dentistico Vimercate,studiodentisticovimercate.it,Vimercate,MB,Lombardia,studio dentistico,https://studiodentisticovimercate.it/,official_site,"sector_match;local_market;business_domain_present","Dental practice domain in Monza Brianza",studiodentisticovimercate.it,send domain to /v1/lead-opportunity-score
Centro Odontoiatrico Brianza,centroodontoiatricobrianza.it,Monza,MB,Lombardia,centro odontoiatrico,https://centroodontoiatricobrianza.it/,official_site,"sector_match;local_market;business_domain_present","Dental center domain in Monza Brianza",centroodontoiatricobrianza.it,send domain to /v1/lead-opportunity-score
Studio Dentistico Rozzano,studiodentisticorozzano.it,Rozzano,MI,Lombardia,studio dentistico,https://studiodentisticorozzano.it/,official_site,"sector_match;local_market;business_domain_present","Dental practice domain in Milan metro area",studiodentisticorozzano.it,send domain to /v1/lead-opportunity-score
Studio Dentistico Corsico,studiodentisticocorsico.it,Corsico,MI,Lombardia,studio dentistico,https://studiodentisticocorsico.it/,official_site,"sector_match;local_market;business_domain_present","Dental practice domain in Milan metro area",studiodentisticocorsico.it,send domain to /v1/lead-opportunity-score
Studio Dentistico Melegnano,studiodentisticomelegnano.it,Melegnano,MI,Lombardia,studio dentistico,https://studiodentisticomelegnano.it/,official_site,"sector_match;local_market;business_domain_present","Dental practice domain in Milan province",studiodentisticomelegnano.it,send domain to /v1/lead-opportunity-score
