action_pack_gate_reason,city,confidence,decision,delivery_status,domain,index,next_product,order_intent_id,priority,product_code,province,quality_review_status,score,score_request_id,source_deep_order_intent_id,source_url,stage,status,target_name
,,,,,,,,ord_8f9d4c62,,target_discovery,,,,,,,target_discovery,accepted_beta_order_intent,
,Milano,0.75,buy_deep_analysis,,studiodentisticocozzolino.it,1,deep_analysis,,high,,MI,not_applicable,77,target-discovery-100-dentists-lombardy-20260602-115322-1780394002-score-001,,https://studiodentisticocozzolino.it/,score,,Studio Dentistico Cozzolino
,Milano,0.75,buy_deep_analysis,deep_analysis_ready,studiodentisticocozzolino.it,1,deep_analysis,ord_37a04e89,high,deep_analysis,MI,not_applicable,77,target-discovery-100-dentists-lombardy-20260602-115322-1780394002-score-001,,https://studiodentisticocozzolino.it/,purchase,,Studio Dentistico Cozzolino
score below natural action threshold 80,Milano,0.75,buy_deep_analysis,,studiodentisticocozzolino.it,1,deep_analysis,,high,action_pack,MI,not_applicable,77,target-discovery-100-dentists-lombardy-20260602-115322-1780394002-score-001,ord_37a04e89,https://studiodentisticocozzolino.it/,action_pack_not_bought,,Studio Dentistico Cozzolino
,Milano,0.53,nurture,,studiodentisticocavorretti.it,2,nurture_signal,,high,,MI,not_applicable,81,target-discovery-100-dentists-lombardy-20260602-115322-1780394002-score-002,,https://studiodentisticocavorretti.it/,score,,Studio Dentistico Cavorretti
,Milano,0.53,nurture,nurture_signal_ready,studiodentisticocavorretti.it,2,nurture_signal,ord_6b458db0,high,nurture_signal,MI,not_applicable,81,target-discovery-100-dentists-lombardy-20260602-115322-1780394002-score-002,,https://studiodentisticocavorretti.it/,purchase,,Studio Dentistico Cavorretti
,Milano,0.62,nurture,,studiodentisticocannizzo.it,3,nurture_signal,,high,,MI,not_applicable,80,target-discovery-100-dentists-lombardy-20260602-115322-1780394002-score-003,,https://studiodentisticocannizzo.it/,score,,Studio Dentistico Cannizzo
,Milano,0.62,nurture,nurture_signal_ready,studiodentisticocannizzo.it,3,nurture_signal,ord_57961378,high,nurture_signal,MI,not_applicable,80,target-discovery-100-dentists-lombardy-20260602-115322-1780394002-score-003,,https://studiodentisticocannizzo.it/,purchase,,Studio Dentistico Cannizzo
,Milano,0.73,nurture,,studiodottorpini.it,4,nurture_signal,,medium,,MI,not_applicable,74,target-discovery-100-dentists-lombardy-20260602-115322-1780394002-score-004,,https://studiodottorpini.it/,score,,Studio Dentistico Pini
,Milano,0.73,nurture,nurture_signal_ready,studiodottorpini.it,4,nurture_signal,ord_84e62fb7,medium,nurture_signal,MI,not_applicable,74,target-discovery-100-dentists-lombardy-20260602-115322-1780394002-score-004,,https://studiodottorpini.it/,purchase,,Studio Dentistico Pini
,Milano,0.44,needs_verification,,studiodentisticozambianchi.it,5,verification,,medium,,MI,not_applicable,64,target-discovery-100-dentists-lombardy-20260602-115322-1780394002-score-005,,https://studiodentisticozambianchi.it/,score,,Studio Dentistico Zambianchi
,Milano,0.44,needs_verification,verification_ready,studiodentisticozambianchi.it,5,verification,ord_3290dcd4,medium,verification,MI,not_applicable,64,target-discovery-100-dentists-lombardy-20260602-115322-1780394002-score-005,,https://studiodentisticozambianchi.it/,purchase,,Studio Dentistico Zambianchi
,Milano,0.77,nurture,,studiobelloni.com,6,nurture_signal,,medium,,MI,not_applicable,69,target-discovery-100-dentists-lombardy-20260602-115322-1780394002-score-006,,https://studiobelloni.com/,score,,Studio Belloni
,Milano,0.77,nurture,nurture_signal_ready,studiobelloni.com,6,nurture_signal,ord_7e21b114,medium,nurture_signal,MI,not_applicable,69,target-discovery-100-dentists-lombardy-20260602-115322-1780394002-score-006,,https://studiobelloni.com/,purchase,,Studio Belloni
,Milano,0.35,needs_verification,,studiolombardo.srl,7,verification,,high,,MI,not_applicable,76,target-discovery-100-dentists-lombardy-20260602-115322-1780394002-score-007,,https://studiolombardo.srl/,score,,Studio Lombardo
,Milano,0.35,needs_verification,verification_ready,studiolombardo.srl,7,verification,ord_20d3e8d2,high,verification,MI,not_applicable,76,target-discovery-100-dentists-lombardy-20260602-115322-1780394002-score-007,,https://studiolombardo.srl/,purchase,,Studio Lombardo
,Milano,0.35,needs_verification,,studiodentisticosalvetti.it,8,verification,,medium,,MI,not_applicable,56,target-discovery-100-dentists-lombardy-20260602-115322-1780394002-score-008,,https://studiodentisticosalvetti.it/,score,,Studio Dentistico Salvetti
,Milano,0.35,needs_verification,verification_ready,studiodentisticosalvetti.it,8,verification,ord_887819eb,medium,verification,MI,not_applicable,56,target-discovery-100-dentists-lombardy-20260602-115322-1780394002-score-008,,https://studiodentisticosalvetti.it/,purchase,,Studio Dentistico Salvetti
,Milano,0.4,needs_verification,,studiodentisticodonati.eu,9,verification,,medium,,MI,not_applicable,70,target-discovery-100-dentists-lombardy-20260602-115322-1780394002-score-009,,https://studiodentisticodonati.eu/,score,,Studio Dentistico Donati
,Milano,0.4,needs_verification,verification_ready,studiodentisticodonati.eu,9,verification,ord_7e90c95e,medium,verification,MI,not_applicable,70,target-discovery-100-dentists-lombardy-20260602-115322-1780394002-score-009,,https://studiodentisticodonati.eu/,purchase,,Studio Dentistico Donati
,Milano,0.42,needs_verification,,studiodentisticoaiello.it,10,verification,,medium,,MI,not_applicable,50,target-discovery-100-dentists-lombardy-20260602-115322-1780394002-score-010,,https://studiodentisticoaiello.it/,score,,Studio Dentistico Aiello
,Milano,0.42,needs_verification,verification_ready,studiodentisticoaiello.it,10,verification,ord_2b6ceb04,medium,verification,MI,not_applicable,50,target-discovery-100-dentists-lombardy-20260602-115322-1780394002-score-010,,https://studiodentisticoaiello.it/,purchase,,Studio Dentistico Aiello
,Milano,0.48,needs_verification,,claradent.it,11,verification,,medium,,MI,not_applicable,74,target-discovery-100-dentists-lombardy-20260602-115322-1780394002-score-011,,https://claradent.it/,score,,Claradent
,Milano,0.48,needs_verification,verification_ready,claradent.it,11,verification,ord_a0ee9199,medium,verification,MI,not_applicable,74,target-discovery-100-dentists-lombardy-20260602-115322-1780394002-score-011,,https://claradent.it/,purchase,,Claradent
,Brescia,0.49,needs_verification,,studiodentisticogazzoli.it,12,verification,,medium,,BS,not_applicable,56,target-discovery-100-dentists-lombardy-20260602-115322-1780394002-score-012,,https://studiodentisticogazzoli.it/,score,,Studio Dentistico Gazzoli
,Brescia,0.49,needs_verification,verification_ready,studiodentisticogazzoli.it,12,verification,ord_f7ab7fac,medium,verification,BS,not_applicable,56,target-discovery-100-dentists-lombardy-20260602-115322-1780394002-score-012,,https://studiodentisticogazzoli.it/,purchase,,Studio Dentistico Gazzoli
,Brescia,0.35,needs_verification,,dentalp.it,13,verification,,high,,BS,not_applicable,76,target-discovery-100-dentists-lombardy-20260602-115322-1780394002-score-013,,https://dentalp.it/,score,,Dental P
,Brescia,0.35,needs_verification,verification_ready,dentalp.it,13,verification,ord_83746dc5,high,verification,BS,not_applicable,76,target-discovery-100-dentists-lombardy-20260602-115322-1780394002-score-013,,https://dentalp.it/,purchase,,Dental P
,Brescia,0.48,needs_verification,,ferlinghettiandrea.it,14,verification,,medium,,BS,not_applicable,64,target-discovery-100-dentists-lombardy-20260602-115322-1780394002-score-014,,https://ferlinghettiandrea.it/,score,,Studio Ferlinghetti Andrea
,Brescia,0.48,needs_verification,verification_ready,ferlinghettiandrea.it,14,verification,ord_e70f7332,medium,verification,BS,not_applicable,64,target-discovery-100-dentists-lombardy-20260602-115322-1780394002-score-014,,https://ferlinghettiandrea.it/,purchase,,Studio Ferlinghetti Andrea
,Brescia,0.63,watchlist,,studioodontoiatricofranchini.it,15,,,medium,,BS,not_applicable,54,target-discovery-100-dentists-lombardy-20260602-115322-1780394002-score-015,,https://studioodontoiatricofranchini.it/,score,,Studio Odontoiatrico Franchini
,Brescia,0.74,watchlist,,studioodontoiatricomarini.it,16,,,medium,,BS,not_applicable,52,target-discovery-100-dentists-lombardy-20260602-115322-1780394002-score-016,,https://studioodontoiatricomarini.it/,score,,Studio Odontoiatrico Marini
,Brescia,0.48,needs_verification,,studiodentisticobrescia.it,17,verification,,medium,,BS,not_applicable,65,target-discovery-100-dentists-lombardy-20260602-115322-1780394002-score-017,,https://studiodentisticobrescia.it/,score,,Studio Dentistico Brescia
,Brescia,0.48,needs_verification,verification_ready,studiodentisticobrescia.it,17,verification,ord_326066f2,medium,verification,BS,not_applicable,65,target-discovery-100-dentists-lombardy-20260602-115322-1780394002-score-017,,https://studiodentisticobrescia.it/,purchase,,Studio Dentistico Brescia
,Brescia,0.54,nurture,,studiodentisticosandrozamboni.it,18,nurture_signal,,high,,BS,not_applicable,79,target-discovery-100-dentists-lombardy-20260602-115322-1780394002-score-018,,https://studiodentisticosandrozamboni.it/,score,,Studio Dentistico Sandro Zamboni
,Brescia,0.54,nurture,nurture_signal_ready,studiodentisticosandrozamboni.it,18,nurture_signal,ord_77ad5bd,high,nurture_signal,BS,not_applicable,79,target-discovery-100-dentists-lombardy-20260602-115322-1780394002-score-018,,https://studiodentisticosandrozamboni.it/,purchase,,Studio Dentistico Sandro Zamboni
,Brescia,0.87,watchlist,,benacuslab.com,19,,,medium,,BS,not_applicable,64,target-discovery-100-dentists-lombardy-20260602-115322-1780394002-score-019,,https://benacuslab.com/,score,,Benacus Lab
,Brescia,0.53,nurture,,studiobeghetti.com,20,nurture_signal,,high,,BS,not_applicable,78,target-discovery-100-dentists-lombardy-20260602-115322-1780394002-score-020,,https://studiobeghetti.com/,score,,Studio Beghetti
,Brescia,0.53,nurture,nurture_signal_ready,studiobeghetti.com,20,nurture_signal,ord_15d27aa3,high,nurture_signal,BS,not_applicable,78,target-discovery-100-dentists-lombardy-20260602-115322-1780394002-score-020,,https://studiobeghetti.com/,purchase,,Studio Beghetti
,Brescia,0.47,needs_verification,,studiodentisticodebiasi.com,21,verification,,medium,,BS,not_applicable,63,target-discovery-100-dentists-lombardy-20260602-115322-1780394002-score-021,,https://studiodentisticodebiasi.com/,score,,Studio Dentistico De Biasi
,Brescia,0.47,needs_verification,verification_ready,studiodentisticodebiasi.com,21,verification,ord_a42fd98f,medium,verification,BS,not_applicable,63,target-discovery-100-dentists-lombardy-20260602-115322-1780394002-score-021,,https://studiodentisticodebiasi.com/,purchase,,Studio Dentistico De Biasi
,Bergamo,0.35,needs_verification,,studiodentisticoredaelli.it,22,verification,,high,,BG,not_applicable,80,target-discovery-100-dentists-lombardy-20260602-115322-1780394002-score-022,,https://studiodentisticoredaelli.it/,score,,Studio Dentistico Redaelli
,Bergamo,0.35,needs_verification,verification_ready,studiodentisticoredaelli.it,22,verification,ord_babbba3f,high,verification,BG,not_applicable,80,target-discovery-100-dentists-lombardy-20260602-115322-1780394002-score-022,,https://studiodentisticoredaelli.it/,purchase,,Studio Dentistico Redaelli
,Bergamo,0.62,watchlist,,studiodentisticorusso.eu,23,,,medium,,BG,not_applicable,63,target-discovery-100-dentists-lombardy-20260602-115322-1780394002-score-023,,https://studiodentisticorusso.eu/,score,,Studio Dentistico Russo
,Bergamo,0.79,buy_deep_analysis,,studiomottarossi.it,24,deep_analysis,,high,,BG,not_applicable,77,target-discovery-100-dentists-lombardy-20260602-115322-1780394002-score-024,,https://studiomottarossi.it/,score,,Studio Motta Rossi
,Bergamo,0.79,buy_deep_analysis,deep_analysis_ready,studiomottarossi.it,24,deep_analysis,ord_76b14d1c,high,deep_analysis,BG,not_applicable,77,target-discovery-100-dentists-lombardy-20260602-115322-1780394002-score-024,,https://studiomottarossi.it/,purchase,,Studio Motta Rossi
score below natural action threshold 80,Bergamo,0.79,buy_deep_analysis,,studiomottarossi.it,24,deep_analysis,,high,action_pack,BG,not_applicable,77,target-discovery-100-dentists-lombardy-20260602-115322-1780394002-score-024,ord_76b14d1c,https://studiomottarossi.it/,action_pack_not_bought,,Studio Motta Rossi
,Bergamo,0.58,watchlist,,studiodentisticotrebeschi.it,25,,,medium,,BG,not_applicable,59,target-discovery-100-dentists-lombardy-20260602-115322-1780394002-score-025,,https://studiodentisticotrebeschi.it/,score,,Studio Dentistico Trebeschi
,Bergamo,0.35,needs_verification,,studiodentisticomaragliano.it,26,verification,,medium,,BG,not_applicable,61,target-discovery-100-dentists-lombardy-20260602-115322-1780394002-score-026,,https://studiodentisticomaragliano.it/,score,,Studio Dentistico Maragliano
,Bergamo,0.35,needs_verification,verification_ready,studiodentisticomaragliano.it,26,verification,ord_a0325fd4,medium,verification,BG,not_applicable,61,target-discovery-100-dentists-lombardy-20260602-115322-1780394002-score-026,,https://studiodentisticomaragliano.it/,purchase,,Studio Dentistico Maragliano
,Bergamo,0.35,needs_verification,,studiodentisticodentisalute.com,27,verification,,medium,,BG,not_applicable,60,target-discovery-100-dentists-lombardy-20260602-115322-1780394002-score-027,,https://studiodentisticodentisalute.com/,score,,Studio Dentistico Denti Salute
,Bergamo,0.35,needs_verification,verification_ready,studiodentisticodentisalute.com,27,verification,ord_3e37b428,medium,verification,BG,not_applicable,60,target-discovery-100-dentists-lombardy-20260602-115322-1780394002-score-027,,https://studiodentisticodentisalute.com/,purchase,,Studio Dentistico Denti Salute
,Bergamo,0.35,needs_verification,,studiodentisticoperico.it,28,verification,,medium,,BG,not_applicable,52,target-discovery-100-dentists-lombardy-20260602-115322-1780394002-score-028,,https://studiodentisticoperico.it/,score,,Studio Dentistico Perico
,Bergamo,0.35,needs_verification,verification_ready,studiodentisticoperico.it,28,verification,ord_52e30d31,medium,verification,BG,not_applicable,52,target-discovery-100-dentists-lombardy-20260602-115322-1780394002-score-028,,https://studiodentisticoperico.it/,purchase,,Studio Dentistico Perico
,Bergamo,0.35,needs_verification,,studioodontoiatricobergamo.it,29,verification,,medium,,BG,not_applicable,61,target-discovery-100-dentists-lombardy-20260602-115322-1780394002-score-029,,https://studioodontoiatricobergamo.it/,score,,Studio Odontoiatrico Bergamo
,Bergamo,0.35,needs_verification,verification_ready,studioodontoiatricobergamo.it,29,verification,ord_91f730d9,medium,verification,BG,not_applicable,61,target-discovery-100-dentists-lombardy-20260602-115322-1780394002-score-029,,https://studioodontoiatricobergamo.it/,purchase,,Studio Odontoiatrico Bergamo
,Bergamo,0.53,watchlist,,sdbergamo.it,30,,,medium,,BG,not_applicable,52,target-discovery-100-dentists-lombardy-20260602-115322-1780394002-score-030,,https://sdbergamo.it/,score,,SD Bergamo
,Bergamo,0.72,buy_deep_analysis,,studiodentisticoferroni.it,31,deep_analysis,,high,,BG,not_applicable,81,target-discovery-100-dentists-lombardy-20260602-115322-1780394002-score-031,,https://studiodentisticoferroni.it/,score,,Studio Dentistico Ferroni
,Bergamo,0.72,buy_deep_analysis,deep_analysis_ready,studiodentisticoferroni.it,31,deep_analysis,ord_1e5e4044,high,deep_analysis,BG,not_applicable,81,target-discovery-100-dentists-lombardy-20260602-115322-1780394002-score-031,,https://studiodentisticoferroni.it/,purchase,,Studio Dentistico Ferroni
"score, confidence, quality and deep analysis gates passed",Bergamo,0.72,buy_deep_analysis,action_pack_ready,studiodentisticoferroni.it,31,deep_analysis,ord_6c7ed8e2,high,action_pack,BG,not_applicable,81,target-discovery-100-dentists-lombardy-20260602-115322-1780394002-score-031,ord_1e5e4044,https://studiodentisticoferroni.it/,purchase,,Studio Dentistico Ferroni
,Monza,0.73,buy_deep_analysis,,studiodentisticoabaco.it,32,deep_analysis,,high,,MB,not_applicable,78,target-discovery-100-dentists-lombardy-20260602-115322-1780394002-score-032,,https://studiodentisticoabaco.it/,score,,Studio Dentistico Abaco
,Monza,0.73,buy_deep_analysis,deep_analysis_ready,studiodentisticoabaco.it,32,deep_analysis,ord_ab519a7a,high,deep_analysis,MB,not_applicable,78,target-discovery-100-dentists-lombardy-20260602-115322-1780394002-score-032,,https://studiodentisticoabaco.it/,purchase,,Studio Dentistico Abaco
score below natural action threshold 80,Monza,0.73,buy_deep_analysis,,studiodentisticoabaco.it,32,deep_analysis,,high,action_pack,MB,not_applicable,78,target-discovery-100-dentists-lombardy-20260602-115322-1780394002-score-032,ord_ab519a7a,https://studiodentisticoabaco.it/,action_pack_not_bought,,Studio Dentistico Abaco
,Monza,0.53,nurture,,centrodentisticomonza.com,33,nurture_signal,,medium,,MB,not_applicable,66,target-discovery-100-dentists-lombardy-20260602-115322-1780394002-score-033,,https://centrodentisticomonza.com/,score,,Centro Dentistico Monza
,Monza,0.53,nurture,nurture_signal_ready,centrodentisticomonza.com,33,nurture_signal,ord_c1d04ddd,medium,nurture_signal,MB,not_applicable,66,target-discovery-100-dentists-lombardy-20260602-115322-1780394002-score-033,,https://centrodentisticomonza.com/,purchase,,Centro Dentistico Monza
,Monza,0.77,buy_deep_analysis,,studiodentistico-russo.it,34,deep_analysis,,high,,MB,not_applicable,81,target-discovery-100-dentists-lombardy-20260602-115322-1780394002-score-034,,https://studiodentistico-russo.it/,score,,Studio Dentistico Russo
,Monza,0.77,buy_deep_analysis,deep_analysis_ready,studiodentistico-russo.it,34,deep_analysis,ord_fca40a3d,high,deep_analysis,MB,not_applicable,81,target-discovery-100-dentists-lombardy-20260602-115322-1780394002-score-034,,https://studiodentistico-russo.it/,purchase,,Studio Dentistico Russo
"score, confidence, quality and deep analysis gates passed",Monza,0.77,buy_deep_analysis,action_pack_ready,studiodentistico-russo.it,34,deep_analysis,ord_ce828f5f,high,action_pack,MB,not_applicable,81,target-discovery-100-dentists-lombardy-20260602-115322-1780394002-score-034,ord_fca40a3d,https://studiodentistico-russo.it/,purchase,,Studio Dentistico Russo
,Monza,0.73,watchlist,,studiodentisticocalvi.it,35,,,medium,,MB,not_applicable,63,target-discovery-100-dentists-lombardy-20260602-115322-1780394002-score-035,,https://studiodentisticocalvi.it/,score,,Studio Dentistico Calvi
,Monza,0.35,needs_verification,,studiodentisticospreafico.it,36,verification,,high,,MB,not_applicable,76,target-discovery-100-dentists-lombardy-20260602-115322-1780394002-score-036,,https://studiodentisticospreafico.it/,score,,Studio Dentistico Spreafico
,Monza,0.35,needs_verification,verification_ready,studiodentisticospreafico.it,36,verification,ord_3edf5b82,high,verification,MB,not_applicable,76,target-discovery-100-dentists-lombardy-20260602-115322-1780394002-score-036,,https://studiodentisticospreafico.it/,purchase,,Studio Dentistico Spreafico
,Monza,0.35,needs_verification,,dentalmonza.it,37,verification,,medium,,MB,not_applicable,67,target-discovery-100-dentists-lombardy-20260602-115322-1780394002-score-037,,https://dentalmonza.it/,score,,Dental Monza
,Monza,0.35,needs_verification,verification_ready,dentalmonza.it,37,verification,ord_92b3844e,medium,verification,MB,not_applicable,67,target-discovery-100-dentists-lombardy-20260602-115322-1780394002-score-037,,https://dentalmonza.it/,purchase,,Dental Monza
,Lissone,0.81,buy_deep_analysis,,studiodentisticolissone.com,38,deep_analysis,,high,,MB,not_applicable,77,target-discovery-100-dentists-lombardy-20260602-115322-1780394002-score-038,,https://studiodentisticolissone.com/,score,,Studio Dentistico Lissone
,Lissone,0.81,buy_deep_analysis,deep_analysis_ready,studiodentisticolissone.com,38,deep_analysis,ord_e85ad415,high,deep_analysis,MB,not_applicable,77,target-discovery-100-dentists-lombardy-20260602-115322-1780394002-score-038,,https://studiodentisticolissone.com/,purchase,,Studio Dentistico Lissone
score below natural action threshold 80,Lissone,0.81,buy_deep_analysis,,studiodentisticolissone.com,38,deep_analysis,,high,action_pack,MB,not_applicable,77,target-discovery-100-dentists-lombardy-20260602-115322-1780394002-score-038,ord_e85ad415,https://studiodentisticolissone.com/,action_pack_not_bought,,Studio Dentistico Lissone
,Como,0.55,watchlist,,studiodentisticocomo.it,39,,,medium,,CO,not_applicable,58,target-discovery-100-dentists-lombardy-20260602-115322-1780394002-score-039,,https://studiodentisticocomo.it/,score,,Studio Dentistico Como
,Como,0.35,needs_verification,,studiobrunodonzelli.it,40,verification,,high,,CO,not_applicable,81,target-discovery-100-dentists-lombardy-20260602-115322-1780394002-score-040,,https://studiobrunodonzelli.it/,score,,Studio Bruno Donzelli
,Como,0.35,needs_verification,verification_ready,studiobrunodonzelli.it,40,verification,ord_5aa8006e,high,verification,CO,not_applicable,81,target-discovery-100-dentists-lombardy-20260602-115322-1780394002-score-040,,https://studiobrunodonzelli.it/,purchase,,Studio Bruno Donzelli
,Como,0.58,watchlist,,studiofoggiato.it,41,,,medium,,CO,not_applicable,62,target-discovery-100-dentists-lombardy-20260602-115322-1780394002-score-041,,https://studiofoggiato.it/,score,,Studio Foggiato
,Varese,0.63,watchlist,,studiodentisticomontagna.it,42,,,medium,,VA,not_applicable,51,target-discovery-100-dentists-lombardy-20260602-115322-1780394002-score-042,,https://studiodentisticomontagna.it/,score,,Studio Dentistico Montagna
,Varese,0.35,needs_verification,,studiodentisticodallatorre.it,43,verification,,medium,,VA,not_applicable,70,target-discovery-100-dentists-lombardy-20260602-115322-1780394002-score-043,,https://studiodentisticodallatorre.it/,score,,Studio Dentistico Dalla Torre
,Varese,0.35,needs_verification,verification_ready,studiodentisticodallatorre.it,43,verification,ord_31e4499c,medium,verification,VA,not_applicable,70,target-discovery-100-dentists-lombardy-20260602-115322-1780394002-score-043,,https://studiodentisticodallatorre.it/,purchase,,Studio Dentistico Dalla Torre
,Varese,0.52,nurture,,studiodentisticocairoli.it,44,nurture_signal,,medium,,VA,not_applicable,69,target-discovery-100-dentists-lombardy-20260602-115322-1780394002-score-044,,https://studiodentisticocairoli.it/,score,,Studio Dentistico Cairoli
,Varese,0.52,nurture,nurture_signal_ready,studiodentisticocairoli.it,44,nurture_signal,ord_ae1ad2c8,medium,nurture_signal,VA,not_applicable,69,target-discovery-100-dentists-lombardy-20260602-115322-1780394002-score-044,,https://studiodentisticocairoli.it/,purchase,,Studio Dentistico Cairoli
,Varese,0.71,nurture,,studiodentisticomasullo.it,45,nurture_signal,,medium,,VA,not_applicable,69,target-discovery-100-dentists-lombardy-20260602-115322-1780394002-score-045,,https://studiodentisticomasullo.it/,score,,Studio Dentistico Masullo
,Varese,0.71,nurture,nurture_signal_ready,studiodentisticomasullo.it,45,nurture_signal,ord_5d4fe9a5,medium,nurture_signal,VA,not_applicable,69,target-discovery-100-dentists-lombardy-20260602-115322-1780394002-score-045,,https://studiodentisticomasullo.it/,purchase,,Studio Dentistico Masullo
,Varese,0.35,needs_verification,,studiopozziodontoiatria.it,46,verification,,high,,VA,not_applicable,75,target-discovery-100-dentists-lombardy-20260602-115322-1780394002-score-046,,https://studiopozziodontoiatria.it/,score,,Studio Pozzi Odontoiatria
,Varese,0.35,needs_verification,verification_ready,studiopozziodontoiatria.it,46,verification,ord_8ca18cb2,high,verification,VA,not_applicable,75,target-discovery-100-dentists-lombardy-20260602-115322-1780394002-score-046,,https://studiopozziodontoiatria.it/,purchase,,Studio Pozzi Odontoiatria
,Pavia,0.35,needs_verification,,studiodentisticopavia.it,47,verification,,medium,,PV,not_applicable,55,target-discovery-100-dentists-lombardy-20260602-115322-1780394002-score-047,,https://studiodentisticopavia.it/,score,,Studio Dentistico Pavia
,Pavia,0.35,needs_verification,verification_ready,studiodentisticopavia.it,47,verification,ord_db84c82f,medium,verification,PV,not_applicable,55,target-discovery-100-dentists-lombardy-20260602-115322-1780394002-score-047,,https://studiodentisticopavia.it/,purchase,,Studio Dentistico Pavia
,Pavia,0.35,needs_verification,,dentistapavia.it,48,verification,,medium,,PV,not_applicable,63,target-discovery-100-dentists-lombardy-20260602-115322-1780394002-score-048,,https://dentistapavia.it/,score,,Dentista Pavia
,Pavia,0.35,needs_verification,verification_ready,dentistapavia.it,48,verification,ord_7534c730,medium,verification,PV,not_applicable,63,target-discovery-100-dentists-lombardy-20260602-115322-1780394002-score-048,,https://dentistapavia.it/,purchase,,Dentista Pavia
,Pavia,0.72,watchlist,,studiodentisticosanmarco.com,49,,,medium,,PV,not_applicable,54,target-discovery-100-dentists-lombardy-20260602-115322-1780394002-score-049,,https://studiodentisticosanmarco.com/,score,,Studio Dentistico San Marco
,Pavia,0.35,needs_verification,,studiomascetti.it,50,verification,,medium,,PV,not_applicable,70,target-discovery-100-dentists-lombardy-20260602-115322-1780394002-score-050,,https://studiomascetti.it/,score,,Studio Mascetti
,Pavia,0.35,needs_verification,verification_ready,studiomascetti.it,50,verification,ord_80ccf6fc,medium,verification,PV,not_applicable,70,target-discovery-100-dentists-lombardy-20260602-115322-1780394002-score-050,,https://studiomascetti.it/,purchase,,Studio Mascetti
,Lecco,0.35,needs_verification,,studiodentisticolecco.it,51,verification,,medium,,LC,not_applicable,68,target-discovery-100-dentists-lombardy-20260602-115322-1780394002-score-051,,https://studiodentisticolecco.it/,score,,Studio Dentistico Lecco
,Lecco,0.35,needs_verification,verification_ready,studiodentisticolecco.it,51,verification,ord_cb01857,medium,verification,LC,not_applicable,68,target-discovery-100-dentists-lombardy-20260602-115322-1780394002-score-051,,https://studiodentisticolecco.it/,purchase,,Studio Dentistico Lecco
,Lecco,0.69,watchlist,,studioodontoiatricolecco.it,52,,,medium,,LC,not_applicable,50,target-discovery-100-dentists-lombardy-20260602-115322-1780394002-score-052,,https://studioodontoiatricolecco.it/,score,,Studio Odontoiatrico Lecco
,Lecco,0.35,needs_verification,,centrodentisticolecco.it,53,verification,,medium,,LC,not_applicable,61,target-discovery-100-dentists-lombardy-20260602-115322-1780394002-score-053,,https://centrodentisticolecco.it/,score,,Centro Dentistico Lecco
,Lecco,0.35,needs_verification,verification_ready,centrodentisticolecco.it,53,verification,ord_98e366f2,medium,verification,LC,not_applicable,61,target-discovery-100-dentists-lombardy-20260602-115322-1780394002-score-053,,https://centrodentisticolecco.it/,purchase,,Centro Dentistico Lecco
,Merate,0.76,nurture,,studiodentisticomerate.it,54,nurture_signal,,medium,,LC,not_applicable,72,target-discovery-100-dentists-lombardy-20260602-115322-1780394002-score-054,,https://studiodentisticomerate.it/,score,,Studio Dentistico Merate
,Merate,0.76,nurture,nurture_signal_ready,studiodentisticomerate.it,54,nurture_signal,ord_d325d144,medium,nurture_signal,LC,not_applicable,72,target-discovery-100-dentists-lombardy-20260602-115322-1780394002-score-054,,https://studiodentisticomerate.it/,purchase,,Studio Dentistico Merate
,Mantova,0.35,needs_verification,,studiodentisticomantova.it,55,verification,,medium,,MN,not_applicable,66,target-discovery-100-dentists-lombardy-20260602-115322-1780394002-score-055,,https://studiodentisticomantova.it/,score,,Studio Dentistico Mantova
,Mantova,0.35,needs_verification,verification_ready,studiodentisticomantova.it,55,verification,ord_187eec39,medium,verification,MN,not_applicable,66,target-discovery-100-dentists-lombardy-20260602-115322-1780394002-score-055,,https://studiodentisticomantova.it/,purchase,,Studio Dentistico Mantova
,Mantova,0.51,nurture,,studioodontoiatricomantova.it,56,nurture_signal,,high,,MN,not_applicable,80,target-discovery-100-dentists-lombardy-20260602-115322-1780394002-score-056,,https://studioodontoiatricomantova.it/,score,,Studio Odontoiatrico Mantova
,Mantova,0.51,nurture,nurture_signal_ready,studioodontoiatricomantova.it,56,nurture_signal,ord_a13141d2,high,nurture_signal,MN,not_applicable,80,target-discovery-100-dentists-lombardy-20260602-115322-1780394002-score-056,,https://studioodontoiatricomantova.it/,purchase,,Studio Odontoiatrico Mantova
,Mantova,0.73,nurture,,centrodentisticomantova.it,57,nurture_signal,,medium,,MN,not_applicable,71,target-discovery-100-dentists-lombardy-20260602-115322-1780394002-score-057,,https://centrodentisticomantova.it/,score,,Centro Dentistico Mantova
,Mantova,0.73,nurture,nurture_signal_ready,centrodentisticomantova.it,57,nurture_signal,ord_95c433a,medium,nurture_signal,MN,not_applicable,71,target-discovery-100-dentists-lombardy-20260602-115322-1780394002-score-057,,https://centrodentisticomantova.it/,purchase,,Centro Dentistico Mantova
,Castiglione delle Stiviere,0.65,watchlist,,studiodentisticocastiglione.it,58,,,medium,,MN,not_applicable,58,target-discovery-100-dentists-lombardy-20260602-115322-1780394002-score-058,,https://studiodentisticocastiglione.it/,score,,Studio Dentistico Castiglione
,Cremona,0.81,watchlist,,studiodentisticocremona.it,59,,,medium,,CR,not_applicable,51,target-discovery-100-dentists-lombardy-20260602-115322-1780394002-score-059,,https://studiodentisticocremona.it/,score,,Studio Dentistico Cremona
,Cremona,0.72,buy_deep_analysis,,studioodontoiatricocremona.it,60,deep_analysis,,high,,CR,not_applicable,77,target-discovery-100-dentists-lombardy-20260602-115322-1780394002-score-060,,https://studioodontoiatricocremona.it/,score,,Studio Odontoiatrico Cremona
,Cremona,0.72,buy_deep_analysis,deep_analysis_ready,studioodontoiatricocremona.it,60,deep_analysis,ord_e1b0e2c8,high,deep_analysis,CR,not_applicable,77,target-discovery-100-dentists-lombardy-20260602-115322-1780394002-score-060,,https://studioodontoiatricocremona.it/,purchase,,Studio Odontoiatrico Cremona
score below natural action threshold 80,Cremona,0.72,buy_deep_analysis,,studioodontoiatricocremona.it,60,deep_analysis,,high,action_pack,CR,not_applicable,77,target-discovery-100-dentists-lombardy-20260602-115322-1780394002-score-060,ord_e1b0e2c8,https://studioodontoiatricocremona.it/,action_pack_not_bought,,Studio Odontoiatrico Cremona
,Cremona,0.56,watchlist,,centrodentisticocremona.it,61,,,medium,,CR,not_applicable,50,target-discovery-100-dentists-lombardy-20260602-115322-1780394002-score-061,,https://centrodentisticocremona.it/,score,,Centro Dentistico Cremona
,Crema,0.57,nurture,,studiodentisticocrema.it,62,nurture_signal,,medium,,CR,not_applicable,72,target-discovery-100-dentists-lombardy-20260602-115322-1780394002-score-062,,https://studiodentisticocrema.it/,score,,Studio Dentistico Crema
,Crema,0.57,nurture,nurture_signal_ready,studiodentisticocrema.it,62,nurture_signal,ord_971de06b,medium,nurture_signal,CR,not_applicable,72,target-discovery-100-dentists-lombardy-20260602-115322-1780394002-score-062,,https://studiodentisticocrema.it/,purchase,,Studio Dentistico Crema
,Lodi,0.35,needs_verification,,studiodentisticolodi.it,63,verification,,medium,,LO,not_applicable,58,target-discovery-100-dentists-lombardy-20260602-115322-1780394002-score-063,,https://studiodentisticolodi.it/,score,,Studio Dentistico Lodi
,Lodi,0.35,needs_verification,verification_ready,studiodentisticolodi.it,63,verification,ord_4b5cfd76,medium,verification,LO,not_applicable,58,target-discovery-100-dentists-lombardy-20260602-115322-1780394002-score-063,,https://studiodentisticolodi.it/,purchase,,Studio Dentistico Lodi
,Lodi,0.35,needs_verification,,studioodontoiatricolodi.it,64,verification,,high,,LO,not_applicable,76,target-discovery-100-dentists-lombardy-20260602-115322-1780394002-score-064,,https://studioodontoiatricolodi.it/,score,,Studio Odontoiatrico Lodi
,Lodi,0.35,needs_verification,verification_ready,studioodontoiatricolodi.it,64,verification,ord_d5f6ba3,high,verification,LO,not_applicable,76,target-discovery-100-dentists-lombardy-20260602-115322-1780394002-score-064,,https://studioodontoiatricolodi.it/,purchase,,Studio Odontoiatrico Lodi
,Lodi,0.38,needs_verification,,centrodentisticolodi.it,65,verification,,medium,,LO,not_applicable,53,target-discovery-100-dentists-lombardy-20260602-115322-1780394002-score-065,,https://centrodentisticolodi.it/,score,,Centro Dentistico Lodi
,Lodi,0.38,needs_verification,verification_ready,centrodentisticolodi.it,65,verification,ord_1b0d0fa9,medium,verification,LO,not_applicable,53,target-discovery-100-dentists-lombardy-20260602-115322-1780394002-score-065,,https://centrodentisticolodi.it/,purchase,,Centro Dentistico Lodi
,Codogno,0.39,needs_verification,,studiodentisticocodogno.it,66,verification,,high,,LO,not_applicable,81,target-discovery-100-dentists-lombardy-20260602-115322-1780394002-score-066,,https://studiodentisticocodogno.it/,score,,Studio Dentistico Codogno
,Codogno,0.39,needs_verification,verification_ready,studiodentisticocodogno.it,66,verification,ord_aca71432,high,verification,LO,not_applicable,81,target-discovery-100-dentists-lombardy-20260602-115322-1780394002-score-066,,https://studiodentisticocodogno.it/,purchase,,Studio Dentistico Codogno
,Sondrio,0.51,nurture,,studiodentisticosondrio.it,67,nurture_signal,,medium,,SO,not_applicable,72,target-discovery-100-dentists-lombardy-20260602-115322-1780394002-score-067,,https://studiodentisticosondrio.it/,score,,Studio Dentistico Sondrio
,Sondrio,0.51,nurture,nurture_signal_ready,studiodentisticosondrio.it,67,nurture_signal,ord_ff6a9a12,medium,nurture_signal,SO,not_applicable,72,target-discovery-100-dentists-lombardy-20260602-115322-1780394002-score-067,,https://studiodentisticosondrio.it/,purchase,,Studio Dentistico Sondrio
,Sondrio,0.35,needs_verification,,studioodontoiatricosondrio.it,68,verification,,medium,,SO,not_applicable,62,target-discovery-100-dentists-lombardy-20260602-115322-1780394002-score-068,,https://studioodontoiatricosondrio.it/,score,,Studio Odontoiatrico Sondrio
,Sondrio,0.35,needs_verification,verification_ready,studioodontoiatricosondrio.it,68,verification,ord_7b59b15f,medium,verification,SO,not_applicable,62,target-discovery-100-dentists-lombardy-20260602-115322-1780394002-score-068,,https://studioodontoiatricosondrio.it/,purchase,,Studio Odontoiatrico Sondrio
,Sondrio,0.63,watchlist,,centrodentisticosondrio.it,69,,,medium,,SO,not_applicable,57,target-discovery-100-dentists-lombardy-20260602-115322-1780394002-score-069,,https://centrodentisticosondrio.it/,score,,Centro Dentistico Sondrio
,Morbegno,0.42,needs_verification,,studiodentisticomorbegno.it,70,verification,,high,,SO,not_applicable,79,target-discovery-100-dentists-lombardy-20260602-115322-1780394002-score-070,,https://studiodentisticomorbegno.it/,score,,Studio Dentistico Morbegno
,Morbegno,0.42,needs_verification,verification_ready,studiodentisticomorbegno.it,70,verification,ord_5fb8b601,high,verification,SO,not_applicable,79,target-discovery-100-dentists-lombardy-20260602-115322-1780394002-score-070,,https://studiodentisticomorbegno.it/,purchase,,Studio Dentistico Morbegno
,Rho,0.72,watchlist,,studiodentisticorho.it,71,,,medium,,MI,not_applicable,61,target-discovery-100-dentists-lombardy-20260602-115322-1780394002-score-071,,https://studiodentisticorho.it/,score,,Studio Dentistico Rho
,Legnano,0.78,nurture,,studiodentisticolegnano.it,72,nurture_signal,,medium,,MI,not_applicable,72,target-discovery-100-dentists-lombardy-20260602-115322-1780394002-score-072,,https://studiodentisticolegnano.it/,score,,Studio Dentistico Legnano
,Legnano,0.78,nurture,nurture_signal_ready,studiodentisticolegnano.it,72,nurture_signal,ord_3d80e1ec,medium,nurture_signal,MI,not_applicable,72,target-discovery-100-dentists-lombardy-20260602-115322-1780394002-score-072,,https://studiodentisticolegnano.it/,purchase,,Studio Dentistico Legnano
,Sesto San Giovanni,0.35,needs_verification,,studiodentisticosesto.it,73,verification,,medium,,MI,not_applicable,50,target-discovery-100-dentists-lombardy-20260602-115322-1780394002-score-073,,https://studiodentisticosesto.it/,score,,Studio Dentistico Sesto
,Sesto San Giovanni,0.35,needs_verification,verification_ready,studiodentisticosesto.it,73,verification,ord_c927371d,medium,verification,MI,not_applicable,50,target-discovery-100-dentists-lombardy-20260602-115322-1780394002-score-073,,https://studiodentisticosesto.it/,purchase,,Studio Dentistico Sesto
,Cinisello Balsamo,0.81,buy_deep_analysis,,studiodentisticocinisello.it,74,deep_analysis,,high,,MI,not_applicable,80,target-discovery-100-dentists-lombardy-20260602-115322-1780394002-score-074,,https://studiodentisticocinisello.it/,score,,Studio Dentistico Cinisello
,Cinisello Balsamo,0.81,buy_deep_analysis,deep_analysis_ready,studiodentisticocinisello.it,74,deep_analysis,ord_5bd6c722,high,deep_analysis,MI,not_applicable,80,target-discovery-100-dentists-lombardy-20260602-115322-1780394002-score-074,,https://studiodentisticocinisello.it/,purchase,,Studio Dentistico Cinisello
"score, confidence, quality and deep analysis gates passed",Cinisello Balsamo,0.81,buy_deep_analysis,action_pack_ready,studiodentisticocinisello.it,74,deep_analysis,ord_245161d0,high,action_pack,MI,not_applicable,80,target-discovery-100-dentists-lombardy-20260602-115322-1780394002-score-074,ord_5bd6c722,https://studiodentisticocinisello.it/,purchase,,Studio Dentistico Cinisello
,San Donato Milanese,0.55,watchlist,,studiodentisticosandonato.it,75,,,medium,,MI,not_applicable,53,target-discovery-100-dentists-lombardy-20260602-115322-1780394002-score-075,,https://studiodentisticosandonato.it/,score,,Studio Dentistico San Donato
,Treviglio,0.36,needs_verification,,studiodentisticotreviglio.it,76,verification,,high,,BG,not_applicable,77,target-discovery-100-dentists-lombardy-20260602-115322-1780394002-score-076,,https://studiodentisticotreviglio.it/,score,,Studio Dentistico Treviglio
,Treviglio,0.36,needs_verification,verification_ready,studiodentisticotreviglio.it,76,verification,ord_ff38cc9d,high,verification,BG,not_applicable,77,target-discovery-100-dentists-lombardy-20260602-115322-1780394002-score-076,,https://studiodentisticotreviglio.it/,purchase,,Studio Dentistico Treviglio
,Seriate,0.56,nurture,,studiodentisticoseriate.it,77,nurture_signal,,medium,,BG,not_applicable,65,target-discovery-100-dentists-lombardy-20260602-115322-1780394002-score-077,,https://studiodentisticoseriate.it/,score,,Studio Dentistico Seriate
,Seriate,0.56,nurture,nurture_signal_ready,studiodentisticoseriate.it,77,nurture_signal,ord_907a6e3a,medium,nurture_signal,BG,not_applicable,65,target-discovery-100-dentists-lombardy-20260602-115322-1780394002-score-077,,https://studiodentisticoseriate.it/,purchase,,Studio Dentistico Seriate
,Dalmine,0.85,nurture,,studiodentisticodalmine.it,78,nurture_signal,,medium,,BG,not_applicable,68,target-discovery-100-dentists-lombardy-20260602-115322-1780394002-score-078,,https://studiodentisticodalmine.it/,score,,Studio Dentistico Dalmine
,Dalmine,0.85,nurture,nurture_signal_ready,studiodentisticodalmine.it,78,nurture_signal,ord_d6cfb95e,medium,nurture_signal,BG,not_applicable,68,target-discovery-100-dentists-lombardy-20260602-115322-1780394002-score-078,,https://studiodentisticodalmine.it/,purchase,,Studio Dentistico Dalmine
,Romano di Lombardia,0.73,watchlist,,studiodentisticoromano.it,79,,,medium,,BG,not_applicable,50,target-discovery-100-dentists-lombardy-20260602-115322-1780394002-score-079,,https://studiodentisticoromano.it/,score,,Studio Dentistico Romano
,Chiari,0.39,needs_verification,,studiodentisticochiari.it,80,verification,,medium,,BS,not_applicable,56,target-discovery-100-dentists-lombardy-20260602-115322-1780394002-score-080,,https://studiodentisticochiari.it/,score,,Studio Dentistico Chiari
,Chiari,0.39,needs_verification,verification_ready,studiodentisticochiari.it,80,verification,ord_13338daf,medium,verification,BS,not_applicable,56,target-discovery-100-dentists-lombardy-20260602-115322-1780394002-score-080,,https://studiodentisticochiari.it/,purchase,,Studio Dentistico Chiari
,Desenzano del Garda,0.35,needs_verification,,studiodentisticodesenzano.it,81,verification,,medium,,BS,not_applicable,67,target-discovery-100-dentists-lombardy-20260602-115322-1780394002-score-081,,https://studiodentisticodesenzano.it/,score,,Studio Dentistico Desenzano
,Desenzano del Garda,0.35,needs_verification,verification_ready,studiodentisticodesenzano.it,81,verification,ord_56b74a1d,medium,verification,BS,not_applicable,67,target-discovery-100-dentists-lombardy-20260602-115322-1780394002-score-081,,https://studiodentisticodesenzano.it/,purchase,,Studio Dentistico Desenzano
,Salo,0.35,needs_verification,,studiodentisticosalo.it,82,verification,,medium,,BS,not_applicable,57,target-discovery-100-dentists-lombardy-20260602-115322-1780394002-score-082,,https://studiodentisticosalo.it/,score,,Studio Dentistico Salo
,Salo,0.35,needs_verification,verification_ready,studiodentisticosalo.it,82,verification,ord_c6124842,medium,verification,BS,not_applicable,57,target-discovery-100-dentists-lombardy-20260602-115322-1780394002-score-082,,https://studiodentisticosalo.it/,purchase,,Studio Dentistico Salo
,Gardone Val Trompia,0.38,needs_verification,,studiodentisticogardone.it,83,verification,,medium,,BS,not_applicable,68,target-discovery-100-dentists-lombardy-20260602-115322-1780394002-score-083,,https://studiodentisticogardone.it/,score,,Studio Dentistico Gardone
,Gardone Val Trompia,0.38,needs_verification,verification_ready,studiodentisticogardone.it,83,verification,ord_5193de72,medium,verification,BS,not_applicable,68,target-discovery-100-dentists-lombardy-20260602-115322-1780394002-score-083,,https://studiodentisticogardone.it/,purchase,,Studio Dentistico Gardone
,Vigevano,0.84,buy_deep_analysis,,studiodentisticovigevano.it,84,deep_analysis,,high,,PV,not_applicable,79,target-discovery-100-dentists-lombardy-20260602-115322-1780394002-score-084,,https://studiodentisticovigevano.it/,score,,Studio Dentistico Vigevano
,Vigevano,0.84,buy_deep_analysis,deep_analysis_ready,studiodentisticovigevano.it,84,deep_analysis,ord_d97d0154,high,deep_analysis,PV,not_applicable,79,target-discovery-100-dentists-lombardy-20260602-115322-1780394002-score-084,,https://studiodentisticovigevano.it/,purchase,,Studio Dentistico Vigevano
score below natural action threshold 80,Vigevano,0.84,buy_deep_analysis,,studiodentisticovigevano.it,84,deep_analysis,,high,action_pack,PV,not_applicable,79,target-discovery-100-dentists-lombardy-20260602-115322-1780394002-score-084,ord_d97d0154,https://studiodentisticovigevano.it/,action_pack_not_bought,,Studio Dentistico Vigevano
,Voghera,0.86,nurture,,studiodentisticovoghera.it,85,nurture_signal,,medium,,PV,not_applicable,72,target-discovery-100-dentists-lombardy-20260602-115322-1780394002-score-085,,https://studiodentisticovoghera.it/,score,,Studio Dentistico Voghera
,Voghera,0.86,nurture,nurture_signal_ready,studiodentisticovoghera.it,85,nurture_signal,ord_2751bbf6,medium,nurture_signal,PV,not_applicable,72,target-discovery-100-dentists-lombardy-20260602-115322-1780394002-score-085,,https://studiodentisticovoghera.it/,purchase,,Studio Dentistico Voghera
,Mortara,0.49,needs_verification,,studiodentisticomortara.it,86,verification,,medium,,PV,not_applicable,50,target-discovery-100-dentists-lombardy-20260602-115322-1780394002-score-086,,https://studiodentisticomortara.it/,score,,Studio Dentistico Mortara
,Mortara,0.49,needs_verification,verification_ready,studiodentisticomortara.it,86,verification,ord_5ace6849,medium,verification,PV,not_applicable,50,target-discovery-100-dentists-lombardy-20260602-115322-1780394002-score-086,,https://studiodentisticomortara.it/,purchase,,Studio Dentistico Mortara
,Gallarate,0.4,needs_verification,,studiodentisticogallarate.it,87,verification,,medium,,VA,not_applicable,63,target-discovery-100-dentists-lombardy-20260602-115322-1780394002-score-087,,https://studiodentisticogallarate.it/,score,,Studio Dentistico Gallarate
,Gallarate,0.4,needs_verification,verification_ready,studiodentisticogallarate.it,87,verification,ord_d5b4cb3b,medium,verification,VA,not_applicable,63,target-discovery-100-dentists-lombardy-20260602-115322-1780394002-score-087,,https://studiodentisticogallarate.it/,purchase,,Studio Dentistico Gallarate
,Busto Arsizio,0.47,needs_verification,,studiodentisticobustoarsizio.it,88,verification,,medium,,VA,not_applicable,50,target-discovery-100-dentists-lombardy-20260602-115322-1780394002-score-088,,https://studiodentisticobustoarsizio.it/,score,,Studio Dentistico Busto Arsizio
,Busto Arsizio,0.47,needs_verification,verification_ready,studiodentisticobustoarsizio.it,88,verification,ord_67398c4d,medium,verification,VA,not_applicable,50,target-discovery-100-dentists-lombardy-20260602-115322-1780394002-score-088,,https://studiodentisticobustoarsizio.it/,purchase,,Studio Dentistico Busto Arsizio
,Saronno,0.37,needs_verification,,studiodentisticosaronno.it,89,verification,,medium,,VA,not_applicable,74,target-discovery-100-dentists-lombardy-20260602-115322-1780394002-score-089,,https://studiodentisticosaronno.it/,score,,Studio Dentistico Saronno
,Saronno,0.37,needs_verification,verification_ready,studiodentisticosaronno.it,89,verification,ord_2af98482,medium,verification,VA,not_applicable,74,target-discovery-100-dentists-lombardy-20260602-115322-1780394002-score-089,,https://studiodentisticosaronno.it/,purchase,,Studio Dentistico Saronno
,Tradate,0.84,watchlist,,studiodentisticotradate.it,90,,,medium,,VA,not_applicable,63,target-discovery-100-dentists-lombardy-20260602-115322-1780394002-score-090,,https://studiodentisticotradate.it/,score,,Studio Dentistico Tradate
,Cantu,0.84,watchlist,,studiodentisticocantu.it,91,,,medium,,CO,not_applicable,51,target-discovery-100-dentists-lombardy-20260602-115322-1780394002-score-091,,https://studiodentisticocantu.it/,score,,Studio Dentistico Cantu
,Erba,0.35,needs_verification,,studiodentisticoerba.it,92,verification,,medium,,CO,not_applicable,66,target-discovery-100-dentists-lombardy-20260602-115322-1780394002-score-092,,https://studiodentisticoerba.it/,score,,Studio Dentistico Erba
,Erba,0.35,needs_verification,verification_ready,studiodentisticoerba.it,92,verification,ord_8a54929e,medium,verification,CO,not_applicable,66,target-discovery-100-dentists-lombardy-20260602-115322-1780394002-score-092,,https://studiodentisticoerba.it/,purchase,,Studio Dentistico Erba
,Mariano Comense,0.35,needs_verification,,studiodentisticomariano.it,93,verification,,medium,,CO,not_applicable,55,target-discovery-100-dentists-lombardy-20260602-115322-1780394002-score-093,,https://studiodentisticomariano.it/,score,,Studio Dentistico Mariano
,Mariano Comense,0.35,needs_verification,verification_ready,studiodentisticomariano.it,93,verification,ord_c445c70,medium,verification,CO,not_applicable,55,target-discovery-100-dentists-lombardy-20260602-115322-1780394002-score-093,,https://studiodentisticomariano.it/,purchase,,Studio Dentistico Mariano
,Desio,0.72,watchlist,,studiodentisticodesio.it,94,,,medium,,MB,not_applicable,50,target-discovery-100-dentists-lombardy-20260602-115322-1780394002-score-094,,https://studiodentisticodesio.it/,score,,Studio Dentistico Desio
,Seregno,0.73,watchlist,,studiodentisticoseregno.it,95,,,medium,,MB,not_applicable,55,target-discovery-100-dentists-lombardy-20260602-115322-1780394002-score-095,,https://studiodentisticoseregno.it/,score,,Studio Dentistico Seregno
,Vimercate,0.56,nurture,,studiodentisticovimercate.it,96,nurture_signal,,medium,,MB,not_applicable,74,target-discovery-100-dentists-lombardy-20260602-115322-1780394002-score-096,,https://studiodentisticovimercate.it/,score,,Studio Dentistico Vimercate
,Vimercate,0.56,nurture,nurture_signal_ready,studiodentisticovimercate.it,96,nurture_signal,ord_548899a4,medium,nurture_signal,MB,not_applicable,74,target-discovery-100-dentists-lombardy-20260602-115322-1780394002-score-096,,https://studiodentisticovimercate.it/,purchase,,Studio Dentistico Vimercate
,Monza,0.69,watchlist,,centroodontoiatricobrianza.it,97,,,medium,,MB,not_applicable,58,target-discovery-100-dentists-lombardy-20260602-115322-1780394002-score-097,,https://centroodontoiatricobrianza.it/,score,,Centro Odontoiatrico Brianza
,Rozzano,0.74,nurture,,studiodentisticorozzano.it,98,nurture_signal,,medium,,MI,not_applicable,71,target-discovery-100-dentists-lombardy-20260602-115322-1780394002-score-098,,https://studiodentisticorozzano.it/,score,,Studio Dentistico Rozzano
,Rozzano,0.74,nurture,nurture_signal_ready,studiodentisticorozzano.it,98,nurture_signal,ord_42bd086d,medium,nurture_signal,MI,not_applicable,71,target-discovery-100-dentists-lombardy-20260602-115322-1780394002-score-098,,https://studiodentisticorozzano.it/,purchase,,Studio Dentistico Rozzano
,Corsico,0.57,watchlist,,studiodentisticocorsico.it,99,,,medium,,MI,not_applicable,52,target-discovery-100-dentists-lombardy-20260602-115322-1780394002-score-099,,https://studiodentisticocorsico.it/,score,,Studio Dentistico Corsico
,Melegnano,0.52,watchlist,,studiodentisticomelegnano.it,100,,,medium,,MI,not_applicable,50,target-discovery-100-dentists-lombardy-20260602-115322-1780394002-score-100,,https://studiodentisticomelegnano.it/,score,,Studio Dentistico Melegnano
