action_pack_gate_reason,city,commercial_strength,confidence,decision,delivery_status,domain,index,next_product,order_intent_id,priority,product_code,province,quality_review_status,score,score_request_id,source_deep_order_intent_id,source_url,spend_policy,stage,status,target_name
,,,,,,,,,ord_735c58f2,,target_discovery,,,,,,,,target_discovery,accepted_beta_order_intent,
,Milano,medium,0.88,buy_deep_analysis,,studiodentisticocozzolino.it,1,deep_analysis,,high,,MI,not_applicable,77,target-discovery-100-dentists-lombardy-strength-gate-20260602-123027-1780396227-score-001,,https://studiodentisticocozzolino.it/,buy_low_or_mid_cost_next_step_only,score,,Studio Dentistico Cozzolino
,Milano,medium,0.88,buy_deep_analysis,deep_analysis_ready,studiodentisticocozzolino.it,1,deep_analysis,ord_3b1d6299,high,deep_analysis,MI,not_applicable,77,target-discovery-100-dentists-lombardy-strength-gate-20260602-123027-1780396227-score-001,,https://studiodentisticocozzolino.it/,buy_low_or_mid_cost_next_step_only,purchase,,Studio Dentistico Cozzolino
commercial strength is not strong enough for action pack,Milano,medium,0.88,buy_deep_analysis,,studiodentisticocozzolino.it,1,deep_analysis,,high,action_pack,MI,not_applicable,77,target-discovery-100-dentists-lombardy-strength-gate-20260602-123027-1780396227-score-001,ord_3b1d6299,https://studiodentisticocozzolino.it/,buy_low_or_mid_cost_next_step_only,action_pack_not_bought,,Studio Dentistico Cozzolino
,Milano,medium,0.67,buy_deep_analysis,,studiodentisticocavorretti.it,2,deep_analysis,,high,,MI,not_applicable,81,target-discovery-100-dentists-lombardy-strength-gate-20260602-123027-1780396227-score-002,,https://studiodentisticocavorretti.it/,buy_low_or_mid_cost_next_step_only,score,,Studio Dentistico Cavorretti
,Milano,medium,0.67,buy_deep_analysis,deep_analysis_ready,studiodentisticocavorretti.it,2,deep_analysis,ord_8d9859d8,high,deep_analysis,MI,not_applicable,81,target-discovery-100-dentists-lombardy-strength-gate-20260602-123027-1780396227-score-002,,https://studiodentisticocavorretti.it/,buy_low_or_mid_cost_next_step_only,purchase,,Studio Dentistico Cavorretti
commercial strength is not strong enough for action pack,Milano,medium,0.67,buy_deep_analysis,,studiodentisticocavorretti.it,2,deep_analysis,,high,action_pack,MI,not_applicable,81,target-discovery-100-dentists-lombardy-strength-gate-20260602-123027-1780396227-score-002,ord_8d9859d8,https://studiodentisticocavorretti.it/,buy_low_or_mid_cost_next_step_only,action_pack_not_bought,,Studio Dentistico Cavorretti
,Milano,strong,0.76,buy_deep_analysis,,studiodentisticocannizzo.it,3,deep_analysis,,high,,MI,not_applicable,80,target-discovery-100-dentists-lombardy-strength-gate-20260602-123027-1780396227-score-003,,https://studiodentisticocannizzo.it/,buy_deep_analysis_then_consider_action_pack_if_deep_confirms,score,,Studio Dentistico Cannizzo
,Milano,strong,0.76,buy_deep_analysis,deep_analysis_ready,studiodentisticocannizzo.it,3,deep_analysis,ord_71dc2b4,high,deep_analysis,MI,not_applicable,80,target-discovery-100-dentists-lombardy-strength-gate-20260602-123027-1780396227-score-003,,https://studiodentisticocannizzo.it/,buy_deep_analysis_then_consider_action_pack_if_deep_confirms,purchase,,Studio Dentistico Cannizzo
"score, confidence, quality and deep analysis gates passed",Milano,strong,0.76,buy_deep_analysis,action_pack_ready,studiodentisticocannizzo.it,3,deep_analysis,ord_acb399a6,high,action_pack,MI,not_applicable,80,target-discovery-100-dentists-lombardy-strength-gate-20260602-123027-1780396227-score-003,ord_71dc2b4,https://studiodentisticocannizzo.it/,buy_deep_analysis_then_consider_action_pack_if_deep_confirms,purchase,,Studio Dentistico Cannizzo
,Milano,medium,0.87,nurture,,studiodottorpini.it,4,nurture_signal,,medium,,MI,not_applicable,74,target-discovery-100-dentists-lombardy-strength-gate-20260602-123027-1780396227-score-004,,https://studiodottorpini.it/,buy_low_or_mid_cost_next_step_only,score,,Studio Dentistico Pini
,Milano,medium,0.87,nurture,nurture_signal_ready,studiodottorpini.it,4,nurture_signal,ord_27b8bac7,medium,nurture_signal,MI,not_applicable,74,target-discovery-100-dentists-lombardy-strength-gate-20260602-123027-1780396227-score-004,,https://studiodottorpini.it/,buy_low_or_mid_cost_next_step_only,purchase,,Studio Dentistico Pini
,Milano,weak,0.58,watchlist,,studiodentisticozambianchi.it,5,,,medium,,MI,not_applicable,64,target-discovery-100-dentists-lombardy-strength-gate-20260602-123027-1780396227-score-005,,https://studiodentisticozambianchi.it/,watchlist_only,score,,Studio Dentistico Zambianchi
,Milano,medium,0.88,nurture,,studiobelloni.com,6,nurture_signal,,medium,,MI,not_applicable,69,target-discovery-100-dentists-lombardy-strength-gate-20260602-123027-1780396227-score-006,,https://studiobelloni.com/,buy_low_or_mid_cost_next_step_only,score,,Studio Belloni
,Milano,medium,0.88,nurture,nurture_signal_ready,studiobelloni.com,6,nurture_signal,ord_2cb38704,medium,nurture_signal,MI,not_applicable,69,target-discovery-100-dentists-lombardy-strength-gate-20260602-123027-1780396227-score-006,,https://studiobelloni.com/,buy_low_or_mid_cost_next_step_only,purchase,,Studio Belloni
,Milano,medium,0.52,nurture,,studiolombardo.srl,7,nurture_signal,,high,,MI,not_applicable,76,target-discovery-100-dentists-lombardy-strength-gate-20260602-123027-1780396227-score-007,,https://studiolombardo.srl/,buy_low_or_mid_cost_next_step_only,score,,Studio Lombardo
,Milano,medium,0.52,nurture,nurture_signal_ready,studiolombardo.srl,7,nurture_signal,ord_dba7f4d8,high,nurture_signal,MI,not_applicable,76,target-discovery-100-dentists-lombardy-strength-gate-20260602-123027-1780396227-score-007,,https://studiolombardo.srl/,buy_low_or_mid_cost_next_step_only,purchase,,Studio Lombardo
,Milano,weak,0.52,watchlist,,studiodentisticosalvetti.it,8,,,medium,,MI,not_applicable,56,target-discovery-100-dentists-lombardy-strength-gate-20260602-123027-1780396227-score-008,,https://studiodentisticosalvetti.it/,watchlist_only,score,,Studio Dentistico Salvetti
,Milano,medium,0.54,nurture,,studiodentisticodonati.eu,9,nurture_signal,,medium,,MI,not_applicable,70,target-discovery-100-dentists-lombardy-strength-gate-20260602-123027-1780396227-score-009,,https://studiodentisticodonati.eu/,buy_low_or_mid_cost_next_step_only,score,,Studio Dentistico Donati
,Milano,medium,0.54,nurture,nurture_signal_ready,studiodentisticodonati.eu,9,nurture_signal,ord_8d735eb0,medium,nurture_signal,MI,not_applicable,70,target-discovery-100-dentists-lombardy-strength-gate-20260602-123027-1780396227-score-009,,https://studiodentisticodonati.eu/,buy_low_or_mid_cost_next_step_only,purchase,,Studio Dentistico Donati
,Milano,weak,0.56,watchlist,,studiodentisticoaiello.it,10,,,medium,,MI,not_applicable,50,target-discovery-100-dentists-lombardy-strength-gate-20260602-123027-1780396227-score-010,,https://studiodentisticoaiello.it/,watchlist_only,score,,Studio Dentistico Aiello
,Milano,medium,0.62,nurture,,claradent.it,11,nurture_signal,,medium,,MI,not_applicable,74,target-discovery-100-dentists-lombardy-strength-gate-20260602-123027-1780396227-score-011,,https://claradent.it/,buy_low_or_mid_cost_next_step_only,score,,Claradent
,Milano,medium,0.62,nurture,nurture_signal_ready,claradent.it,11,nurture_signal,ord_940a087b,medium,nurture_signal,MI,not_applicable,74,target-discovery-100-dentists-lombardy-strength-gate-20260602-123027-1780396227-score-011,,https://claradent.it/,buy_low_or_mid_cost_next_step_only,purchase,,Claradent
,Brescia,weak,0.63,watchlist,,studiodentisticogazzoli.it,12,,,medium,,BS,not_applicable,56,target-discovery-100-dentists-lombardy-strength-gate-20260602-123027-1780396227-score-012,,https://studiodentisticogazzoli.it/,watchlist_only,score,,Studio Dentistico Gazzoli
,Brescia,medium,0.52,nurture,,dentalp.it,13,nurture_signal,,high,,BS,not_applicable,76,target-discovery-100-dentists-lombardy-strength-gate-20260602-123027-1780396227-score-013,,https://dentalp.it/,buy_low_or_mid_cost_next_step_only,score,,Dental P
,Brescia,medium,0.52,nurture,nurture_signal_ready,dentalp.it,13,nurture_signal,ord_eafcf45f,high,nurture_signal,BS,not_applicable,76,target-discovery-100-dentists-lombardy-strength-gate-20260602-123027-1780396227-score-013,,https://dentalp.it/,buy_low_or_mid_cost_next_step_only,purchase,,Dental P
,Brescia,weak,0.62,watchlist,,ferlinghettiandrea.it,14,,,medium,,BS,not_applicable,64,target-discovery-100-dentists-lombardy-strength-gate-20260602-123027-1780396227-score-014,,https://ferlinghettiandrea.it/,watchlist_only,score,,Studio Ferlinghetti Andrea
,Brescia,weak,0.77,watchlist,,studioodontoiatricofranchini.it,15,,,medium,,BS,not_applicable,54,target-discovery-100-dentists-lombardy-strength-gate-20260602-123027-1780396227-score-015,,https://studioodontoiatricofranchini.it/,watchlist_only,score,,Studio Odontoiatrico Franchini
,Brescia,weak,0.88,watchlist,,studioodontoiatricomarini.it,16,,,medium,,BS,not_applicable,52,target-discovery-100-dentists-lombardy-strength-gate-20260602-123027-1780396227-score-016,,https://studioodontoiatricomarini.it/,watchlist_only,score,,Studio Odontoiatrico Marini
,Brescia,medium,0.62,nurture,,studiodentisticobrescia.it,17,nurture_signal,,medium,,BS,not_applicable,65,target-discovery-100-dentists-lombardy-strength-gate-20260602-123027-1780396227-score-017,,https://studiodentisticobrescia.it/,buy_low_or_mid_cost_next_step_only,score,,Studio Dentistico Brescia
,Brescia,medium,0.62,nurture,nurture_signal_ready,studiodentisticobrescia.it,17,nurture_signal,ord_d43096f0,medium,nurture_signal,BS,not_applicable,65,target-discovery-100-dentists-lombardy-strength-gate-20260602-123027-1780396227-score-017,,https://studiodentisticobrescia.it/,buy_low_or_mid_cost_next_step_only,purchase,,Studio Dentistico Brescia
,Brescia,medium,0.68,buy_deep_analysis,,studiodentisticosandrozamboni.it,18,deep_analysis,,high,,BS,not_applicable,79,target-discovery-100-dentists-lombardy-strength-gate-20260602-123027-1780396227-score-018,,https://studiodentisticosandrozamboni.it/,buy_low_or_mid_cost_next_step_only,score,,Studio Dentistico Sandro Zamboni
,Brescia,medium,0.68,buy_deep_analysis,deep_analysis_ready,studiodentisticosandrozamboni.it,18,deep_analysis,ord_65b184f9,high,deep_analysis,BS,not_applicable,79,target-discovery-100-dentists-lombardy-strength-gate-20260602-123027-1780396227-score-018,,https://studiodentisticosandrozamboni.it/,buy_low_or_mid_cost_next_step_only,purchase,,Studio Dentistico Sandro Zamboni
commercial strength is not strong enough for action pack,Brescia,medium,0.68,buy_deep_analysis,,studiodentisticosandrozamboni.it,18,deep_analysis,,high,action_pack,BS,not_applicable,79,target-discovery-100-dentists-lombardy-strength-gate-20260602-123027-1780396227-score-018,ord_65b184f9,https://studiodentisticosandrozamboni.it/,buy_low_or_mid_cost_next_step_only,action_pack_not_bought,,Studio Dentistico Sandro Zamboni
,Brescia,weak,0.88,watchlist,,benacuslab.com,19,,,medium,,BS,not_applicable,64,target-discovery-100-dentists-lombardy-strength-gate-20260602-123027-1780396227-score-019,,https://benacuslab.com/,watchlist_only,score,,Benacus Lab
,Brescia,medium,0.67,buy_deep_analysis,,studiobeghetti.com,20,deep_analysis,,high,,BS,not_applicable,78,target-discovery-100-dentists-lombardy-strength-gate-20260602-123027-1780396227-score-020,,https://studiobeghetti.com/,buy_low_or_mid_cost_next_step_only,score,,Studio Beghetti
,Brescia,medium,0.67,buy_deep_analysis,deep_analysis_ready,studiobeghetti.com,20,deep_analysis,ord_1dd246ab,high,deep_analysis,BS,not_applicable,78,target-discovery-100-dentists-lombardy-strength-gate-20260602-123027-1780396227-score-020,,https://studiobeghetti.com/,buy_low_or_mid_cost_next_step_only,purchase,,Studio Beghetti
commercial strength is not strong enough for action pack,Brescia,medium,0.67,buy_deep_analysis,,studiobeghetti.com,20,deep_analysis,,high,action_pack,BS,not_applicable,78,target-discovery-100-dentists-lombardy-strength-gate-20260602-123027-1780396227-score-020,ord_1dd246ab,https://studiobeghetti.com/,buy_low_or_mid_cost_next_step_only,action_pack_not_bought,,Studio Beghetti
,Brescia,weak,0.61,watchlist,,studiodentisticodebiasi.com,21,,,medium,,BS,not_applicable,63,target-discovery-100-dentists-lombardy-strength-gate-20260602-123027-1780396227-score-021,,https://studiodentisticodebiasi.com/,watchlist_only,score,,Studio Dentistico De Biasi
,Bergamo,medium,0.52,nurture,,studiodentisticoredaelli.it,22,nurture_signal,,high,,BG,not_applicable,80,target-discovery-100-dentists-lombardy-strength-gate-20260602-123027-1780396227-score-022,,https://studiodentisticoredaelli.it/,buy_low_or_mid_cost_next_step_only,score,,Studio Dentistico Redaelli
,Bergamo,medium,0.52,nurture,nurture_signal_ready,studiodentisticoredaelli.it,22,nurture_signal,ord_e7dbdf2d,high,nurture_signal,BG,not_applicable,80,target-discovery-100-dentists-lombardy-strength-gate-20260602-123027-1780396227-score-022,,https://studiodentisticoredaelli.it/,buy_low_or_mid_cost_next_step_only,purchase,,Studio Dentistico Redaelli
,Bergamo,weak,0.76,watchlist,,studiodentisticorusso.eu,23,,,medium,,BG,not_applicable,63,target-discovery-100-dentists-lombardy-strength-gate-20260602-123027-1780396227-score-023,,https://studiodentisticorusso.eu/,watchlist_only,score,,Studio Dentistico Russo
,Bergamo,medium,0.88,buy_deep_analysis,,studiomottarossi.it,24,deep_analysis,,high,,BG,not_applicable,77,target-discovery-100-dentists-lombardy-strength-gate-20260602-123027-1780396227-score-024,,https://studiomottarossi.it/,buy_low_or_mid_cost_next_step_only,score,,Studio Motta Rossi
,Bergamo,medium,0.88,buy_deep_analysis,deep_analysis_ready,studiomottarossi.it,24,deep_analysis,ord_f2ecb84c,high,deep_analysis,BG,not_applicable,77,target-discovery-100-dentists-lombardy-strength-gate-20260602-123027-1780396227-score-024,,https://studiomottarossi.it/,buy_low_or_mid_cost_next_step_only,purchase,,Studio Motta Rossi
commercial strength is not strong enough for action pack,Bergamo,medium,0.88,buy_deep_analysis,,studiomottarossi.it,24,deep_analysis,,high,action_pack,BG,not_applicable,77,target-discovery-100-dentists-lombardy-strength-gate-20260602-123027-1780396227-score-024,ord_f2ecb84c,https://studiomottarossi.it/,buy_low_or_mid_cost_next_step_only,action_pack_not_bought,,Studio Motta Rossi
,Bergamo,weak,0.72,watchlist,,studiodentisticotrebeschi.it,25,,,medium,,BG,not_applicable,59,target-discovery-100-dentists-lombardy-strength-gate-20260602-123027-1780396227-score-025,,https://studiodentisticotrebeschi.it/,watchlist_only,score,,Studio Dentistico Trebeschi
,Bergamo,weak,0.52,watchlist,,studiodentisticomaragliano.it,26,,,medium,,BG,not_applicable,61,target-discovery-100-dentists-lombardy-strength-gate-20260602-123027-1780396227-score-026,,https://studiodentisticomaragliano.it/,watchlist_only,score,,Studio Dentistico Maragliano
,Bergamo,weak,0.52,watchlist,,studiodentisticodentisalute.com,27,,,medium,,BG,not_applicable,60,target-discovery-100-dentists-lombardy-strength-gate-20260602-123027-1780396227-score-027,,https://studiodentisticodentisalute.com/,watchlist_only,score,,Studio Dentistico Denti Salute
,Bergamo,weak,0.52,watchlist,,studiodentisticoperico.it,28,,,medium,,BG,not_applicable,52,target-discovery-100-dentists-lombardy-strength-gate-20260602-123027-1780396227-score-028,,https://studiodentisticoperico.it/,watchlist_only,score,,Studio Dentistico Perico
,Bergamo,weak,0.52,watchlist,,studioodontoiatricobergamo.it,29,,,medium,,BG,not_applicable,61,target-discovery-100-dentists-lombardy-strength-gate-20260602-123027-1780396227-score-029,,https://studioodontoiatricobergamo.it/,watchlist_only,score,,Studio Odontoiatrico Bergamo
,Bergamo,weak,0.67,watchlist,,sdbergamo.it,30,,,medium,,BG,not_applicable,52,target-discovery-100-dentists-lombardy-strength-gate-20260602-123027-1780396227-score-030,,https://sdbergamo.it/,watchlist_only,score,,SD Bergamo
,Bergamo,strong,0.86,buy_deep_analysis,,studiodentisticoferroni.it,31,deep_analysis,,high,,BG,not_applicable,81,target-discovery-100-dentists-lombardy-strength-gate-20260602-123027-1780396227-score-031,,https://studiodentisticoferroni.it/,buy_deep_analysis_then_consider_action_pack_if_deep_confirms,score,,Studio Dentistico Ferroni
,Bergamo,strong,0.86,buy_deep_analysis,deep_analysis_ready,studiodentisticoferroni.it,31,deep_analysis,ord_64695b94,high,deep_analysis,BG,not_applicable,81,target-discovery-100-dentists-lombardy-strength-gate-20260602-123027-1780396227-score-031,,https://studiodentisticoferroni.it/,buy_deep_analysis_then_consider_action_pack_if_deep_confirms,purchase,,Studio Dentistico Ferroni
"score, confidence, quality and deep analysis gates passed",Bergamo,strong,0.86,buy_deep_analysis,action_pack_ready,studiodentisticoferroni.it,31,deep_analysis,ord_22cb6832,high,action_pack,BG,not_applicable,81,target-discovery-100-dentists-lombardy-strength-gate-20260602-123027-1780396227-score-031,ord_64695b94,https://studiodentisticoferroni.it/,buy_deep_analysis_then_consider_action_pack_if_deep_confirms,purchase,,Studio Dentistico Ferroni
,Monza,medium,0.87,buy_deep_analysis,,studiodentisticoabaco.it,32,deep_analysis,,high,,MB,not_applicable,78,target-discovery-100-dentists-lombardy-strength-gate-20260602-123027-1780396227-score-032,,https://studiodentisticoabaco.it/,buy_low_or_mid_cost_next_step_only,score,,Studio Dentistico Abaco
,Monza,medium,0.87,buy_deep_analysis,deep_analysis_ready,studiodentisticoabaco.it,32,deep_analysis,ord_4505c24a,high,deep_analysis,MB,not_applicable,78,target-discovery-100-dentists-lombardy-strength-gate-20260602-123027-1780396227-score-032,,https://studiodentisticoabaco.it/,buy_low_or_mid_cost_next_step_only,purchase,,Studio Dentistico Abaco
commercial strength is not strong enough for action pack,Monza,medium,0.87,buy_deep_analysis,,studiodentisticoabaco.it,32,deep_analysis,,high,action_pack,MB,not_applicable,78,target-discovery-100-dentists-lombardy-strength-gate-20260602-123027-1780396227-score-032,ord_4505c24a,https://studiodentisticoabaco.it/,buy_low_or_mid_cost_next_step_only,action_pack_not_bought,,Studio Dentistico Abaco
,Monza,medium,0.67,nurture,,centrodentisticomonza.com,33,nurture_signal,,medium,,MB,not_applicable,66,target-discovery-100-dentists-lombardy-strength-gate-20260602-123027-1780396227-score-033,,https://centrodentisticomonza.com/,buy_low_or_mid_cost_next_step_only,score,,Centro Dentistico Monza
,Monza,medium,0.67,nurture,nurture_signal_ready,centrodentisticomonza.com,33,nurture_signal,ord_2440942d,medium,nurture_signal,MB,not_applicable,66,target-discovery-100-dentists-lombardy-strength-gate-20260602-123027-1780396227-score-033,,https://centrodentisticomonza.com/,buy_low_or_mid_cost_next_step_only,purchase,,Centro Dentistico Monza
,Monza,strong,0.88,buy_deep_analysis,,studiodentistico-russo.it,34,deep_analysis,,high,,MB,not_applicable,81,target-discovery-100-dentists-lombardy-strength-gate-20260602-123027-1780396227-score-034,,https://studiodentistico-russo.it/,buy_deep_analysis_then_consider_action_pack_if_deep_confirms,score,,Studio Dentistico Russo
,Monza,strong,0.88,buy_deep_analysis,deep_analysis_ready,studiodentistico-russo.it,34,deep_analysis,ord_8d0c872d,high,deep_analysis,MB,not_applicable,81,target-discovery-100-dentists-lombardy-strength-gate-20260602-123027-1780396227-score-034,,https://studiodentistico-russo.it/,buy_deep_analysis_then_consider_action_pack_if_deep_confirms,purchase,,Studio Dentistico Russo
"score, confidence, quality and deep analysis gates passed",Monza,strong,0.88,buy_deep_analysis,action_pack_ready,studiodentistico-russo.it,34,deep_analysis,ord_193e838f,high,action_pack,MB,not_applicable,81,target-discovery-100-dentists-lombardy-strength-gate-20260602-123027-1780396227-score-034,ord_8d0c872d,https://studiodentistico-russo.it/,buy_deep_analysis_then_consider_action_pack_if_deep_confirms,purchase,,Studio Dentistico Russo
,Monza,weak,0.87,watchlist,,studiodentisticocalvi.it,35,,,medium,,MB,not_applicable,63,target-discovery-100-dentists-lombardy-strength-gate-20260602-123027-1780396227-score-035,,https://studiodentisticocalvi.it/,watchlist_only,score,,Studio Dentistico Calvi
,Monza,medium,0.52,nurture,,studiodentisticospreafico.it,36,nurture_signal,,high,,MB,not_applicable,76,target-discovery-100-dentists-lombardy-strength-gate-20260602-123027-1780396227-score-036,,https://studiodentisticospreafico.it/,buy_low_or_mid_cost_next_step_only,score,,Studio Dentistico Spreafico
,Monza,medium,0.52,nurture,nurture_signal_ready,studiodentisticospreafico.it,36,nurture_signal,ord_4a5ca49c,high,nurture_signal,MB,not_applicable,76,target-discovery-100-dentists-lombardy-strength-gate-20260602-123027-1780396227-score-036,,https://studiodentisticospreafico.it/,buy_low_or_mid_cost_next_step_only,purchase,,Studio Dentistico Spreafico
,Monza,medium,0.52,nurture,,dentalmonza.it,37,nurture_signal,,medium,,MB,not_applicable,67,target-discovery-100-dentists-lombardy-strength-gate-20260602-123027-1780396227-score-037,,https://dentalmonza.it/,buy_low_or_mid_cost_next_step_only,score,,Dental Monza
,Monza,medium,0.52,nurture,nurture_signal_ready,dentalmonza.it,37,nurture_signal,ord_5ff7aebc,medium,nurture_signal,MB,not_applicable,67,target-discovery-100-dentists-lombardy-strength-gate-20260602-123027-1780396227-score-037,,https://dentalmonza.it/,buy_low_or_mid_cost_next_step_only,purchase,,Dental Monza
,Lissone,medium,0.88,buy_deep_analysis,,studiodentisticolissone.com,38,deep_analysis,,high,,MB,not_applicable,77,target-discovery-100-dentists-lombardy-strength-gate-20260602-123027-1780396227-score-038,,https://studiodentisticolissone.com/,buy_low_or_mid_cost_next_step_only,score,,Studio Dentistico Lissone
,Lissone,medium,0.88,buy_deep_analysis,deep_analysis_ready,studiodentisticolissone.com,38,deep_analysis,ord_24d6ade5,high,deep_analysis,MB,not_applicable,77,target-discovery-100-dentists-lombardy-strength-gate-20260602-123027-1780396227-score-038,,https://studiodentisticolissone.com/,buy_low_or_mid_cost_next_step_only,purchase,,Studio Dentistico Lissone
commercial strength is not strong enough for action pack,Lissone,medium,0.88,buy_deep_analysis,,studiodentisticolissone.com,38,deep_analysis,,high,action_pack,MB,not_applicable,77,target-discovery-100-dentists-lombardy-strength-gate-20260602-123027-1780396227-score-038,ord_24d6ade5,https://studiodentisticolissone.com/,buy_low_or_mid_cost_next_step_only,action_pack_not_bought,,Studio Dentistico Lissone
,Como,weak,0.69,watchlist,,studiodentisticocomo.it,39,,,medium,,CO,not_applicable,58,target-discovery-100-dentists-lombardy-strength-gate-20260602-123027-1780396227-score-039,,https://studiodentisticocomo.it/,watchlist_only,score,,Studio Dentistico Como
,Como,medium,0.52,nurture,,studiobrunodonzelli.it,40,nurture_signal,,high,,CO,not_applicable,81,target-discovery-100-dentists-lombardy-strength-gate-20260602-123027-1780396227-score-040,,https://studiobrunodonzelli.it/,buy_low_or_mid_cost_next_step_only,score,,Studio Bruno Donzelli
,Como,medium,0.52,nurture,nurture_signal_ready,studiobrunodonzelli.it,40,nurture_signal,ord_6696bd08,high,nurture_signal,CO,not_applicable,81,target-discovery-100-dentists-lombardy-strength-gate-20260602-123027-1780396227-score-040,,https://studiobrunodonzelli.it/,buy_low_or_mid_cost_next_step_only,purchase,,Studio Bruno Donzelli
,Como,weak,0.72,watchlist,,studiofoggiato.it,41,,,medium,,CO,not_applicable,62,target-discovery-100-dentists-lombardy-strength-gate-20260602-123027-1780396227-score-041,,https://studiofoggiato.it/,watchlist_only,score,,Studio Foggiato
,Varese,weak,0.77,watchlist,,studiodentisticomontagna.it,42,,,medium,,VA,not_applicable,51,target-discovery-100-dentists-lombardy-strength-gate-20260602-123027-1780396227-score-042,,https://studiodentisticomontagna.it/,watchlist_only,score,,Studio Dentistico Montagna
,Varese,medium,0.52,nurture,,studiodentisticodallatorre.it,43,nurture_signal,,medium,,VA,not_applicable,70,target-discovery-100-dentists-lombardy-strength-gate-20260602-123027-1780396227-score-043,,https://studiodentisticodallatorre.it/,buy_low_or_mid_cost_next_step_only,score,,Studio Dentistico Dalla Torre
,Varese,medium,0.52,nurture,nurture_signal_ready,studiodentisticodallatorre.it,43,nurture_signal,ord_c445d83a,medium,nurture_signal,VA,not_applicable,70,target-discovery-100-dentists-lombardy-strength-gate-20260602-123027-1780396227-score-043,,https://studiodentisticodallatorre.it/,buy_low_or_mid_cost_next_step_only,purchase,,Studio Dentistico Dalla Torre
,Varese,medium,0.66,nurture,,studiodentisticocairoli.it,44,nurture_signal,,medium,,VA,not_applicable,69,target-discovery-100-dentists-lombardy-strength-gate-20260602-123027-1780396227-score-044,,https://studiodentisticocairoli.it/,buy_low_or_mid_cost_next_step_only,score,,Studio Dentistico Cairoli
,Varese,medium,0.66,nurture,nurture_signal_ready,studiodentisticocairoli.it,44,nurture_signal,ord_efbd1af8,medium,nurture_signal,VA,not_applicable,69,target-discovery-100-dentists-lombardy-strength-gate-20260602-123027-1780396227-score-044,,https://studiodentisticocairoli.it/,buy_low_or_mid_cost_next_step_only,purchase,,Studio Dentistico Cairoli
,Varese,medium,0.85,nurture,,studiodentisticomasullo.it,45,nurture_signal,,medium,,VA,not_applicable,69,target-discovery-100-dentists-lombardy-strength-gate-20260602-123027-1780396227-score-045,,https://studiodentisticomasullo.it/,buy_low_or_mid_cost_next_step_only,score,,Studio Dentistico Masullo
,Varese,medium,0.85,nurture,nurture_signal_ready,studiodentisticomasullo.it,45,nurture_signal,ord_1a307ff5,medium,nurture_signal,VA,not_applicable,69,target-discovery-100-dentists-lombardy-strength-gate-20260602-123027-1780396227-score-045,,https://studiodentisticomasullo.it/,buy_low_or_mid_cost_next_step_only,purchase,,Studio Dentistico Masullo
,Varese,medium,0.52,nurture,,studiopozziodontoiatria.it,46,nurture_signal,,high,,VA,not_applicable,75,target-discovery-100-dentists-lombardy-strength-gate-20260602-123027-1780396227-score-046,,https://studiopozziodontoiatria.it/,buy_low_or_mid_cost_next_step_only,score,,Studio Pozzi Odontoiatria
,Varese,medium,0.52,nurture,nurture_signal_ready,studiopozziodontoiatria.it,46,nurture_signal,ord_7d0f0e98,high,nurture_signal,VA,not_applicable,75,target-discovery-100-dentists-lombardy-strength-gate-20260602-123027-1780396227-score-046,,https://studiopozziodontoiatria.it/,buy_low_or_mid_cost_next_step_only,purchase,,Studio Pozzi Odontoiatria
,Pavia,weak,0.52,watchlist,,studiodentisticopavia.it,47,,,medium,,PV,not_applicable,55,target-discovery-100-dentists-lombardy-strength-gate-20260602-123027-1780396227-score-047,,https://studiodentisticopavia.it/,watchlist_only,score,,Studio Dentistico Pavia
,Pavia,weak,0.52,watchlist,,dentistapavia.it,48,,,medium,,PV,not_applicable,63,target-discovery-100-dentists-lombardy-strength-gate-20260602-123027-1780396227-score-048,,https://dentistapavia.it/,watchlist_only,score,,Dentista Pavia
,Pavia,weak,0.86,watchlist,,studiodentisticosanmarco.com,49,,,medium,,PV,not_applicable,54,target-discovery-100-dentists-lombardy-strength-gate-20260602-123027-1780396227-score-049,,https://studiodentisticosanmarco.com/,watchlist_only,score,,Studio Dentistico San Marco
,Pavia,medium,0.52,nurture,,studiomascetti.it,50,nurture_signal,,medium,,PV,not_applicable,70,target-discovery-100-dentists-lombardy-strength-gate-20260602-123027-1780396227-score-050,,https://studiomascetti.it/,buy_low_or_mid_cost_next_step_only,score,,Studio Mascetti
,Pavia,medium,0.52,nurture,nurture_signal_ready,studiomascetti.it,50,nurture_signal,ord_673fa826,medium,nurture_signal,PV,not_applicable,70,target-discovery-100-dentists-lombardy-strength-gate-20260602-123027-1780396227-score-050,,https://studiomascetti.it/,buy_low_or_mid_cost_next_step_only,purchase,,Studio Mascetti
,Lecco,medium,0.52,nurture,,studiodentisticolecco.it,51,nurture_signal,,medium,,LC,not_applicable,68,target-discovery-100-dentists-lombardy-strength-gate-20260602-123027-1780396227-score-051,,https://studiodentisticolecco.it/,buy_low_or_mid_cost_next_step_only,score,,Studio Dentistico Lecco
,Lecco,medium,0.52,nurture,nurture_signal_ready,studiodentisticolecco.it,51,nurture_signal,ord_b312fac9,medium,nurture_signal,LC,not_applicable,68,target-discovery-100-dentists-lombardy-strength-gate-20260602-123027-1780396227-score-051,,https://studiodentisticolecco.it/,buy_low_or_mid_cost_next_step_only,purchase,,Studio Dentistico Lecco
,Lecco,weak,0.83,watchlist,,studioodontoiatricolecco.it,52,,,medium,,LC,not_applicable,50,target-discovery-100-dentists-lombardy-strength-gate-20260602-123027-1780396227-score-052,,https://studioodontoiatricolecco.it/,watchlist_only,score,,Studio Odontoiatrico Lecco
,Lecco,weak,0.52,watchlist,,centrodentisticolecco.it,53,,,medium,,LC,not_applicable,61,target-discovery-100-dentists-lombardy-strength-gate-20260602-123027-1780396227-score-053,,https://centrodentisticolecco.it/,watchlist_only,score,,Centro Dentistico Lecco
,Merate,medium,0.88,nurture,,studiodentisticomerate.it,54,nurture_signal,,medium,,LC,not_applicable,72,target-discovery-100-dentists-lombardy-strength-gate-20260602-123027-1780396227-score-054,,https://studiodentisticomerate.it/,buy_low_or_mid_cost_next_step_only,score,,Studio Dentistico Merate
,Merate,medium,0.88,nurture,nurture_signal_ready,studiodentisticomerate.it,54,nurture_signal,ord_f9e2a8b4,medium,nurture_signal,LC,not_applicable,72,target-discovery-100-dentists-lombardy-strength-gate-20260602-123027-1780396227-score-054,,https://studiodentisticomerate.it/,buy_low_or_mid_cost_next_step_only,purchase,,Studio Dentistico Merate
,Mantova,medium,0.52,nurture,,studiodentisticomantova.it,55,nurture_signal,,medium,,MN,not_applicable,66,target-discovery-100-dentists-lombardy-strength-gate-20260602-123027-1780396227-score-055,,https://studiodentisticomantova.it/,buy_low_or_mid_cost_next_step_only,score,,Studio Dentistico Mantova
,Mantova,medium,0.52,nurture,nurture_signal_ready,studiodentisticomantova.it,55,nurture_signal,ord_f81c9213,medium,nurture_signal,MN,not_applicable,66,target-discovery-100-dentists-lombardy-strength-gate-20260602-123027-1780396227-score-055,,https://studiodentisticomantova.it/,buy_low_or_mid_cost_next_step_only,purchase,,Studio Dentistico Mantova
,Mantova,medium,0.65,buy_deep_analysis,,studioodontoiatricomantova.it,56,deep_analysis,,high,,MN,not_applicable,80,target-discovery-100-dentists-lombardy-strength-gate-20260602-123027-1780396227-score-056,,https://studioodontoiatricomantova.it/,buy_low_or_mid_cost_next_step_only,score,,Studio Odontoiatrico Mantova
,Mantova,medium,0.65,buy_deep_analysis,deep_analysis_ready,studioodontoiatricomantova.it,56,deep_analysis,ord_53961d6e,high,deep_analysis,MN,not_applicable,80,target-discovery-100-dentists-lombardy-strength-gate-20260602-123027-1780396227-score-056,,https://studioodontoiatricomantova.it/,buy_low_or_mid_cost_next_step_only,purchase,,Studio Odontoiatrico Mantova
commercial strength is not strong enough for action pack,Mantova,medium,0.65,buy_deep_analysis,,studioodontoiatricomantova.it,56,deep_analysis,,high,action_pack,MN,not_applicable,80,target-discovery-100-dentists-lombardy-strength-gate-20260602-123027-1780396227-score-056,ord_53961d6e,https://studioodontoiatricomantova.it/,buy_low_or_mid_cost_next_step_only,action_pack_not_bought,,Studio Odontoiatrico Mantova
,Mantova,medium,0.87,nurture,,centrodentisticomantova.it,57,nurture_signal,,medium,,MN,not_applicable,71,target-discovery-100-dentists-lombardy-strength-gate-20260602-123027-1780396227-score-057,,https://centrodentisticomantova.it/,buy_low_or_mid_cost_next_step_only,score,,Centro Dentistico Mantova
,Mantova,medium,0.87,nurture,nurture_signal_ready,centrodentisticomantova.it,57,nurture_signal,ord_814bab2a,medium,nurture_signal,MN,not_applicable,71,target-discovery-100-dentists-lombardy-strength-gate-20260602-123027-1780396227-score-057,,https://centrodentisticomantova.it/,buy_low_or_mid_cost_next_step_only,purchase,,Centro Dentistico Mantova
,Castiglione delle Stiviere,weak,0.79,watchlist,,studiodentisticocastiglione.it,58,,,medium,,MN,not_applicable,58,target-discovery-100-dentists-lombardy-strength-gate-20260602-123027-1780396227-score-058,,https://studiodentisticocastiglione.it/,watchlist_only,score,,Studio Dentistico Castiglione
,Cremona,weak,0.88,watchlist,,studiodentisticocremona.it,59,,,medium,,CR,not_applicable,51,target-discovery-100-dentists-lombardy-strength-gate-20260602-123027-1780396227-score-059,,https://studiodentisticocremona.it/,watchlist_only,score,,Studio Dentistico Cremona
,Cremona,medium,0.86,buy_deep_analysis,,studioodontoiatricocremona.it,60,deep_analysis,,high,,CR,not_applicable,77,target-discovery-100-dentists-lombardy-strength-gate-20260602-123027-1780396227-score-060,,https://studioodontoiatricocremona.it/,buy_low_or_mid_cost_next_step_only,score,,Studio Odontoiatrico Cremona
,Cremona,medium,0.86,buy_deep_analysis,deep_analysis_ready,studioodontoiatricocremona.it,60,deep_analysis,ord_2e40d218,high,deep_analysis,CR,not_applicable,77,target-discovery-100-dentists-lombardy-strength-gate-20260602-123027-1780396227-score-060,,https://studioodontoiatricocremona.it/,buy_low_or_mid_cost_next_step_only,purchase,,Studio Odontoiatrico Cremona
commercial strength is not strong enough for action pack,Cremona,medium,0.86,buy_deep_analysis,,studioodontoiatricocremona.it,60,deep_analysis,,high,action_pack,CR,not_applicable,77,target-discovery-100-dentists-lombardy-strength-gate-20260602-123027-1780396227-score-060,ord_2e40d218,https://studioodontoiatricocremona.it/,buy_low_or_mid_cost_next_step_only,action_pack_not_bought,,Studio Odontoiatrico Cremona
,Cremona,weak,0.7,watchlist,,centrodentisticocremona.it,61,,,medium,,CR,not_applicable,50,target-discovery-100-dentists-lombardy-strength-gate-20260602-123027-1780396227-score-061,,https://centrodentisticocremona.it/,watchlist_only,score,,Centro Dentistico Cremona
,Crema,medium,0.71,nurture,,studiodentisticocrema.it,62,nurture_signal,,medium,,CR,not_applicable,72,target-discovery-100-dentists-lombardy-strength-gate-20260602-123027-1780396227-score-062,,https://studiodentisticocrema.it/,buy_low_or_mid_cost_next_step_only,score,,Studio Dentistico Crema
,Crema,medium,0.71,nurture,nurture_signal_ready,studiodentisticocrema.it,62,nurture_signal,ord_653409db,medium,nurture_signal,CR,not_applicable,72,target-discovery-100-dentists-lombardy-strength-gate-20260602-123027-1780396227-score-062,,https://studiodentisticocrema.it/,buy_low_or_mid_cost_next_step_only,purchase,,Studio Dentistico Crema
,Lodi,weak,0.52,watchlist,,studiodentisticolodi.it,63,,,medium,,LO,not_applicable,58,target-discovery-100-dentists-lombardy-strength-gate-20260602-123027-1780396227-score-063,,https://studiodentisticolodi.it/,watchlist_only,score,,Studio Dentistico Lodi
,Lodi,medium,0.52,nurture,,studioodontoiatricolodi.it,64,nurture_signal,,high,,LO,not_applicable,76,target-discovery-100-dentists-lombardy-strength-gate-20260602-123027-1780396227-score-064,,https://studioodontoiatricolodi.it/,buy_low_or_mid_cost_next_step_only,score,,Studio Odontoiatrico Lodi
,Lodi,medium,0.52,nurture,nurture_signal_ready,studioodontoiatricolodi.it,64,nurture_signal,ord_d2a15a19,high,nurture_signal,LO,not_applicable,76,target-discovery-100-dentists-lombardy-strength-gate-20260602-123027-1780396227-score-064,,https://studioodontoiatricolodi.it/,buy_low_or_mid_cost_next_step_only,purchase,,Studio Odontoiatrico Lodi
,Lodi,weak,0.52,watchlist,,centrodentisticolodi.it,65,,,medium,,LO,not_applicable,53,target-discovery-100-dentists-lombardy-strength-gate-20260602-123027-1780396227-score-065,,https://centrodentisticolodi.it/,watchlist_only,score,,Centro Dentistico Lodi
,Codogno,medium,0.53,nurture,,studiodentisticocodogno.it,66,nurture_signal,,high,,LO,not_applicable,81,target-discovery-100-dentists-lombardy-strength-gate-20260602-123027-1780396227-score-066,,https://studiodentisticocodogno.it/,buy_low_or_mid_cost_next_step_only,score,,Studio Dentistico Codogno
,Codogno,medium,0.53,nurture,nurture_signal_ready,studiodentisticocodogno.it,66,nurture_signal,ord_757d54d8,high,nurture_signal,LO,not_applicable,81,target-discovery-100-dentists-lombardy-strength-gate-20260602-123027-1780396227-score-066,,https://studiodentisticocodogno.it/,buy_low_or_mid_cost_next_step_only,purchase,,Studio Dentistico Codogno
,Sondrio,medium,0.65,nurture,,studiodentisticosondrio.it,67,nurture_signal,,medium,,SO,not_applicable,72,target-discovery-100-dentists-lombardy-strength-gate-20260602-123027-1780396227-score-067,,https://studiodentisticosondrio.it/,buy_low_or_mid_cost_next_step_only,score,,Studio Dentistico Sondrio
,Sondrio,medium,0.65,nurture,nurture_signal_ready,studiodentisticosondrio.it,67,nurture_signal,ord_d26ca3e2,medium,nurture_signal,SO,not_applicable,72,target-discovery-100-dentists-lombardy-strength-gate-20260602-123027-1780396227-score-067,,https://studiodentisticosondrio.it/,buy_low_or_mid_cost_next_step_only,purchase,,Studio Dentistico Sondrio
,Sondrio,weak,0.52,watchlist,,studioodontoiatricosondrio.it,68,,,medium,,SO,not_applicable,62,target-discovery-100-dentists-lombardy-strength-gate-20260602-123027-1780396227-score-068,,https://studioodontoiatricosondrio.it/,watchlist_only,score,,Studio Odontoiatrico Sondrio
,Sondrio,weak,0.77,watchlist,,centrodentisticosondrio.it,69,,,medium,,SO,not_applicable,57,target-discovery-100-dentists-lombardy-strength-gate-20260602-123027-1780396227-score-069,,https://centrodentisticosondrio.it/,watchlist_only,score,,Centro Dentistico Sondrio
,Morbegno,medium,0.56,nurture,,studiodentisticomorbegno.it,70,nurture_signal,,high,,SO,not_applicable,79,target-discovery-100-dentists-lombardy-strength-gate-20260602-123027-1780396227-score-070,,https://studiodentisticomorbegno.it/,buy_low_or_mid_cost_next_step_only,score,,Studio Dentistico Morbegno
,Morbegno,medium,0.56,nurture,nurture_signal_ready,studiodentisticomorbegno.it,70,nurture_signal,ord_7cf4b1fb,high,nurture_signal,SO,not_applicable,79,target-discovery-100-dentists-lombardy-strength-gate-20260602-123027-1780396227-score-070,,https://studiodentisticomorbegno.it/,buy_low_or_mid_cost_next_step_only,purchase,,Studio Dentistico Morbegno
,Rho,weak,0.86,watchlist,,studiodentisticorho.it,71,,,medium,,MI,not_applicable,61,target-discovery-100-dentists-lombardy-strength-gate-20260602-123027-1780396227-score-071,,https://studiodentisticorho.it/,watchlist_only,score,,Studio Dentistico Rho
,Legnano,medium,0.88,nurture,,studiodentisticolegnano.it,72,nurture_signal,,medium,,MI,not_applicable,72,target-discovery-100-dentists-lombardy-strength-gate-20260602-123027-1780396227-score-072,,https://studiodentisticolegnano.it/,buy_low_or_mid_cost_next_step_only,score,,Studio Dentistico Legnano
,Legnano,medium,0.88,nurture,nurture_signal_ready,studiodentisticolegnano.it,72,nurture_signal,ord_a8e4e5fc,medium,nurture_signal,MI,not_applicable,72,target-discovery-100-dentists-lombardy-strength-gate-20260602-123027-1780396227-score-072,,https://studiodentisticolegnano.it/,buy_low_or_mid_cost_next_step_only,purchase,,Studio Dentistico Legnano
,Sesto San Giovanni,weak,0.52,watchlist,,studiodentisticosesto.it,73,,,medium,,MI,not_applicable,50,target-discovery-100-dentists-lombardy-strength-gate-20260602-123027-1780396227-score-073,,https://studiodentisticosesto.it/,watchlist_only,score,,Studio Dentistico Sesto
,Cinisello Balsamo,strong,0.88,buy_deep_analysis,,studiodentisticocinisello.it,74,deep_analysis,,high,,MI,not_applicable,80,target-discovery-100-dentists-lombardy-strength-gate-20260602-123027-1780396227-score-074,,https://studiodentisticocinisello.it/,buy_deep_analysis_then_consider_action_pack_if_deep_confirms,score,,Studio Dentistico Cinisello
,Cinisello Balsamo,strong,0.88,buy_deep_analysis,deep_analysis_ready,studiodentisticocinisello.it,74,deep_analysis,ord_d8d51192,high,deep_analysis,MI,not_applicable,80,target-discovery-100-dentists-lombardy-strength-gate-20260602-123027-1780396227-score-074,,https://studiodentisticocinisello.it/,buy_deep_analysis_then_consider_action_pack_if_deep_confirms,purchase,,Studio Dentistico Cinisello
"score, confidence, quality and deep analysis gates passed",Cinisello Balsamo,strong,0.88,buy_deep_analysis,action_pack_ready,studiodentisticocinisello.it,74,deep_analysis,ord_6da00880,high,action_pack,MI,not_applicable,80,target-discovery-100-dentists-lombardy-strength-gate-20260602-123027-1780396227-score-074,ord_d8d51192,https://studiodentisticocinisello.it/,buy_deep_analysis_then_consider_action_pack_if_deep_confirms,purchase,,Studio Dentistico Cinisello
,San Donato Milanese,weak,0.69,watchlist,,studiodentisticosandonato.it,75,,,medium,,MI,not_applicable,53,target-discovery-100-dentists-lombardy-strength-gate-20260602-123027-1780396227-score-075,,https://studiodentisticosandonato.it/,watchlist_only,score,,Studio Dentistico San Donato
,Treviglio,medium,0.52,nurture,,studiodentisticotreviglio.it,76,nurture_signal,,high,,BG,not_applicable,77,target-discovery-100-dentists-lombardy-strength-gate-20260602-123027-1780396227-score-076,,https://studiodentisticotreviglio.it/,buy_low_or_mid_cost_next_step_only,score,,Studio Dentistico Treviglio
,Treviglio,medium,0.52,nurture,nurture_signal_ready,studiodentisticotreviglio.it,76,nurture_signal,ord_9d5b7c73,high,nurture_signal,BG,not_applicable,77,target-discovery-100-dentists-lombardy-strength-gate-20260602-123027-1780396227-score-076,,https://studiodentisticotreviglio.it/,buy_low_or_mid_cost_next_step_only,purchase,,Studio Dentistico Treviglio
,Seriate,medium,0.7,nurture,,studiodentisticoseriate.it,77,nurture_signal,,medium,,BG,not_applicable,65,target-discovery-100-dentists-lombardy-strength-gate-20260602-123027-1780396227-score-077,,https://studiodentisticoseriate.it/,buy_low_or_mid_cost_next_step_only,score,,Studio Dentistico Seriate
,Seriate,medium,0.7,nurture,nurture_signal_ready,studiodentisticoseriate.it,77,nurture_signal,ord_f0f0de6a,medium,nurture_signal,BG,not_applicable,65,target-discovery-100-dentists-lombardy-strength-gate-20260602-123027-1780396227-score-077,,https://studiodentisticoseriate.it/,buy_low_or_mid_cost_next_step_only,purchase,,Studio Dentistico Seriate
,Dalmine,medium,0.88,nurture,,studiodentisticodalmine.it,78,nurture_signal,,medium,,BG,not_applicable,68,target-discovery-100-dentists-lombardy-strength-gate-20260602-123027-1780396227-score-078,,https://studiodentisticodalmine.it/,buy_low_or_mid_cost_next_step_only,score,,Studio Dentistico Dalmine
,Dalmine,medium,0.88,nurture,nurture_signal_ready,studiodentisticodalmine.it,78,nurture_signal,ord_9882152e,medium,nurture_signal,BG,not_applicable,68,target-discovery-100-dentists-lombardy-strength-gate-20260602-123027-1780396227-score-078,,https://studiodentisticodalmine.it/,buy_low_or_mid_cost_next_step_only,purchase,,Studio Dentistico Dalmine
,Romano di Lombardia,weak,0.87,watchlist,,studiodentisticoromano.it,79,,,medium,,BG,not_applicable,50,target-discovery-100-dentists-lombardy-strength-gate-20260602-123027-1780396227-score-079,,https://studiodentisticoromano.it/,watchlist_only,score,,Studio Dentistico Romano
,Chiari,weak,0.53,watchlist,,studiodentisticochiari.it,80,,,medium,,BS,not_applicable,56,target-discovery-100-dentists-lombardy-strength-gate-20260602-123027-1780396227-score-080,,https://studiodentisticochiari.it/,watchlist_only,score,,Studio Dentistico Chiari
,Desenzano del Garda,medium,0.52,nurture,,studiodentisticodesenzano.it,81,nurture_signal,,medium,,BS,not_applicable,67,target-discovery-100-dentists-lombardy-strength-gate-20260602-123027-1780396227-score-081,,https://studiodentisticodesenzano.it/,buy_low_or_mid_cost_next_step_only,score,,Studio Dentistico Desenzano
,Desenzano del Garda,medium,0.52,nurture,nurture_signal_ready,studiodentisticodesenzano.it,81,nurture_signal,ord_884edc4f,medium,nurture_signal,BS,not_applicable,67,target-discovery-100-dentists-lombardy-strength-gate-20260602-123027-1780396227-score-081,,https://studiodentisticodesenzano.it/,buy_low_or_mid_cost_next_step_only,purchase,,Studio Dentistico Desenzano
,Salo,weak,0.52,watchlist,,studiodentisticosalo.it,82,,,medium,,BS,not_applicable,57,target-discovery-100-dentists-lombardy-strength-gate-20260602-123027-1780396227-score-082,,https://studiodentisticosalo.it/,watchlist_only,score,,Studio Dentistico Salo
,Gardone Val Trompia,medium,0.52,nurture,,studiodentisticogardone.it,83,nurture_signal,,medium,,BS,not_applicable,68,target-discovery-100-dentists-lombardy-strength-gate-20260602-123027-1780396227-score-083,,https://studiodentisticogardone.it/,buy_low_or_mid_cost_next_step_only,score,,Studio Dentistico Gardone
,Gardone Val Trompia,medium,0.52,nurture,nurture_signal_ready,studiodentisticogardone.it,83,nurture_signal,ord_4a057720,medium,nurture_signal,BS,not_applicable,68,target-discovery-100-dentists-lombardy-strength-gate-20260602-123027-1780396227-score-083,,https://studiodentisticogardone.it/,buy_low_or_mid_cost_next_step_only,purchase,,Studio Dentistico Gardone
,Vigevano,medium,0.88,buy_deep_analysis,,studiodentisticovigevano.it,84,deep_analysis,,high,,PV,not_applicable,79,target-discovery-100-dentists-lombardy-strength-gate-20260602-123027-1780396227-score-084,,https://studiodentisticovigevano.it/,buy_low_or_mid_cost_next_step_only,score,,Studio Dentistico Vigevano
,Vigevano,medium,0.88,buy_deep_analysis,deep_analysis_ready,studiodentisticovigevano.it,84,deep_analysis,ord_4de99ac4,high,deep_analysis,PV,not_applicable,79,target-discovery-100-dentists-lombardy-strength-gate-20260602-123027-1780396227-score-084,,https://studiodentisticovigevano.it/,buy_low_or_mid_cost_next_step_only,purchase,,Studio Dentistico Vigevano
commercial strength is not strong enough for action pack,Vigevano,medium,0.88,buy_deep_analysis,,studiodentisticovigevano.it,84,deep_analysis,,high,action_pack,PV,not_applicable,79,target-discovery-100-dentists-lombardy-strength-gate-20260602-123027-1780396227-score-084,ord_4de99ac4,https://studiodentisticovigevano.it/,buy_low_or_mid_cost_next_step_only,action_pack_not_bought,,Studio Dentistico Vigevano
,Voghera,medium,0.88,nurture,,studiodentisticovoghera.it,85,nurture_signal,,medium,,PV,not_applicable,72,target-discovery-100-dentists-lombardy-strength-gate-20260602-123027-1780396227-score-085,,https://studiodentisticovoghera.it/,buy_low_or_mid_cost_next_step_only,score,,Studio Dentistico Voghera
,Voghera,medium,0.88,nurture,nurture_signal_ready,studiodentisticovoghera.it,85,nurture_signal,ord_91a43286,medium,nurture_signal,PV,not_applicable,72,target-discovery-100-dentists-lombardy-strength-gate-20260602-123027-1780396227-score-085,,https://studiodentisticovoghera.it/,buy_low_or_mid_cost_next_step_only,purchase,,Studio Dentistico Voghera
,Mortara,weak,0.63,watchlist,,studiodentisticomortara.it,86,,,medium,,PV,not_applicable,50,target-discovery-100-dentists-lombardy-strength-gate-20260602-123027-1780396227-score-086,,https://studiodentisticomortara.it/,watchlist_only,score,,Studio Dentistico Mortara
,Gallarate,weak,0.54,watchlist,,studiodentisticogallarate.it,87,,,medium,,VA,not_applicable,63,target-discovery-100-dentists-lombardy-strength-gate-20260602-123027-1780396227-score-087,,https://studiodentisticogallarate.it/,watchlist_only,score,,Studio Dentistico Gallarate
,Busto Arsizio,weak,0.61,watchlist,,studiodentisticobustoarsizio.it,88,,,medium,,VA,not_applicable,50,target-discovery-100-dentists-lombardy-strength-gate-20260602-123027-1780396227-score-088,,https://studiodentisticobustoarsizio.it/,watchlist_only,score,,Studio Dentistico Busto Arsizio
,Saronno,medium,0.52,nurture,,studiodentisticosaronno.it,89,nurture_signal,,medium,,VA,not_applicable,74,target-discovery-100-dentists-lombardy-strength-gate-20260602-123027-1780396227-score-089,,https://studiodentisticosaronno.it/,buy_low_or_mid_cost_next_step_only,score,,Studio Dentistico Saronno
,Saronno,medium,0.52,nurture,nurture_signal_ready,studiodentisticosaronno.it,89,nurture_signal,ord_f8ff4a88,medium,nurture_signal,VA,not_applicable,74,target-discovery-100-dentists-lombardy-strength-gate-20260602-123027-1780396227-score-089,,https://studiodentisticosaronno.it/,buy_low_or_mid_cost_next_step_only,purchase,,Studio Dentistico Saronno
,Tradate,weak,0.88,watchlist,,studiodentisticotradate.it,90,,,medium,,VA,not_applicable,63,target-discovery-100-dentists-lombardy-strength-gate-20260602-123027-1780396227-score-090,,https://studiodentisticotradate.it/,watchlist_only,score,,Studio Dentistico Tradate
,Cantu,weak,0.88,watchlist,,studiodentisticocantu.it,91,,,medium,,CO,not_applicable,51,target-discovery-100-dentists-lombardy-strength-gate-20260602-123027-1780396227-score-091,,https://studiodentisticocantu.it/,watchlist_only,score,,Studio Dentistico Cantu
,Erba,medium,0.52,nurture,,studiodentisticoerba.it,92,nurture_signal,,medium,,CO,not_applicable,66,target-discovery-100-dentists-lombardy-strength-gate-20260602-123027-1780396227-score-092,,https://studiodentisticoerba.it/,buy_low_or_mid_cost_next_step_only,score,,Studio Dentistico Erba
,Erba,medium,0.52,nurture,nurture_signal_ready,studiodentisticoerba.it,92,nurture_signal,ord_ea1db168,medium,nurture_signal,CO,not_applicable,66,target-discovery-100-dentists-lombardy-strength-gate-20260602-123027-1780396227-score-092,,https://studiodentisticoerba.it/,buy_low_or_mid_cost_next_step_only,purchase,,Studio Dentistico Erba
,Mariano Comense,weak,0.52,watchlist,,studiodentisticomariano.it,93,,,medium,,CO,not_applicable,55,target-discovery-100-dentists-lombardy-strength-gate-20260602-123027-1780396227-score-093,,https://studiodentisticomariano.it/,watchlist_only,score,,Studio Dentistico Mariano
,Desio,weak,0.86,watchlist,,studiodentisticodesio.it,94,,,medium,,MB,not_applicable,50,target-discovery-100-dentists-lombardy-strength-gate-20260602-123027-1780396227-score-094,,https://studiodentisticodesio.it/,watchlist_only,score,,Studio Dentistico Desio
,Seregno,weak,0.87,watchlist,,studiodentisticoseregno.it,95,,,medium,,MB,not_applicable,55,target-discovery-100-dentists-lombardy-strength-gate-20260602-123027-1780396227-score-095,,https://studiodentisticoseregno.it/,watchlist_only,score,,Studio Dentistico Seregno
,Vimercate,medium,0.7,nurture,,studiodentisticovimercate.it,96,nurture_signal,,medium,,MB,not_applicable,74,target-discovery-100-dentists-lombardy-strength-gate-20260602-123027-1780396227-score-096,,https://studiodentisticovimercate.it/,buy_low_or_mid_cost_next_step_only,score,,Studio Dentistico Vimercate
,Vimercate,medium,0.7,nurture,nurture_signal_ready,studiodentisticovimercate.it,96,nurture_signal,ord_8d0899d4,medium,nurture_signal,MB,not_applicable,74,target-discovery-100-dentists-lombardy-strength-gate-20260602-123027-1780396227-score-096,,https://studiodentisticovimercate.it/,buy_low_or_mid_cost_next_step_only,purchase,,Studio Dentistico Vimercate
,Monza,weak,0.83,watchlist,,centroodontoiatricobrianza.it,97,,,medium,,MB,not_applicable,58,target-discovery-100-dentists-lombardy-strength-gate-20260602-123027-1780396227-score-097,,https://centroodontoiatricobrianza.it/,watchlist_only,score,,Centro Odontoiatrico Brianza
,Rozzano,medium,0.88,nurture,,studiodentisticorozzano.it,98,nurture_signal,,medium,,MI,not_applicable,71,target-discovery-100-dentists-lombardy-strength-gate-20260602-123027-1780396227-score-098,,https://studiodentisticorozzano.it/,buy_low_or_mid_cost_next_step_only,score,,Studio Dentistico Rozzano
,Rozzano,medium,0.88,nurture,nurture_signal_ready,studiodentisticorozzano.it,98,nurture_signal,ord_612e6a5d,medium,nurture_signal,MI,not_applicable,71,target-discovery-100-dentists-lombardy-strength-gate-20260602-123027-1780396227-score-098,,https://studiodentisticorozzano.it/,buy_low_or_mid_cost_next_step_only,purchase,,Studio Dentistico Rozzano
,Corsico,weak,0.71,watchlist,,studiodentisticocorsico.it,99,,,medium,,MI,not_applicable,52,target-discovery-100-dentists-lombardy-strength-gate-20260602-123027-1780396227-score-099,,https://studiodentisticocorsico.it/,watchlist_only,score,,Studio Dentistico Corsico
,Melegnano,weak,0.66,watchlist,,studiodentisticomelegnano.it,100,,,medium,,MI,not_applicable,50,target-discovery-100-dentists-lombardy-strength-gate-20260602-123027-1780396227-score-100,,https://studiodentisticomelegnano.it/,watchlist_only,score,,Studio Dentistico Melegnano
